[
  {
    "COD_LOCALIDAD": 5254,
    "NOM_LOCALIDAD": "ABRA VERDE",
    "COD_PROVINCIA": "F",
    "FE_ALTA": "2000-06-12T00:00:00",
    "COD_ESTADO": "A",
    "FE_ULT_ACT": "2000-06-12T00:00:00",
    "COD_DDN": ""
  },
  {
    "COD_LOCALIDAD": 5255,
    "NOM_LOCALIDAD": "ADOLFO E CARRANZA",
    "COD_PROVINCIA": "F",
    "FE_ALTA": "2000-06-12T00:00:00",
    "COD_ESTADO": "A",
    "FE_ULT_ACT": "2000-06-12T00:00:00",
    "COD_DDN": ""
  },
  {
    "COD_LOCALIDAD": 5256,
    "NOM_LOCALIDAD": "AGUA BLANCA",
    "COD_PROVINCIA": "F",
    "FE_ALTA": "2000-06-12T00:00:00",
    "COD_ESTADO": "A",
    "FE_ULT_ACT": "2000-06-12T00:00:00",
    "COD_DDN": ""
  },
  {
    "COD_LOCALIDAD": 5257,
    "NOM_LOCALIDAD": "AGUA COLORADA",
    "COD_PROVINCIA": "F",
    "FE_ALTA": "2000-06-12T00:00:00",
    "COD_ESTADO": "A",
    "FE_ULT_ACT": "2000-06-12T00:00:00",
    "COD_DDN": ""
  },
  {
    "COD_LOCALIDAD": 5258,
    "NOM_LOCALIDAD": "AGUA DE LA PIEDRA",
    "COD_PROVINCIA": "F",
    "FE_ALTA": "2000-06-12T00:00:00",
    "COD_ESTADO": "A",
    "FE_ULT_ACT": "2000-06-12T00:00:00",
    "COD_DDN": ""
  },
  {
    "COD_LOCALIDAD": 5259,
    "NOM_LOCALIDAD": "AGUA DE PIEDRA",
    "COD_PROVINCIA": "F",
    "FE_ALTA": "2000-06-12T00:00:00",
    "COD_ESTADO": "A",
    "FE_ULT_ACT": "2000-06-12T00:00:00",
    "COD_DDN": ""
  },
  {
    "COD_LOCALIDAD": 5260,
    "NOM_LOCALIDAD": "AGUADA",
    "COD_PROVINCIA": "F",
    "FE_ALTA": "2000-06-12T00:00:00",
    "COD_ESTADO": "A",
    "FE_ULT_ACT": "2000-06-12T00:00:00",
    "COD_DDN": ""
  },
  {
    "COD_LOCALIDAD": 5261,
    "NOM_LOCALIDAD": "AGUADITA",
    "COD_PROVINCIA": "F",
    "FE_ALTA": "2000-06-12T00:00:00",
    "COD_ESTADO": "A",
    "FE_ULT_ACT": "2000-06-12T00:00:00",
    "COD_DDN": ""
  },
  {
    "COD_LOCALIDAD": 5262,
    "NOM_LOCALIDAD": "AGUAYO",
    "COD_PROVINCIA": "F",
    "FE_ALTA": "2000-06-12T00:00:00",
    "COD_ESTADO": "A",
    "FE_ULT_ACT": "2000-06-12T00:00:00",
    "COD_DDN": ""
  },
  {
    "COD_LOCALIDAD": 5263,
    "NOM_LOCALIDAD": "AICUÑA",
    "COD_PROVINCIA": "F",
    "FE_ALTA": "2000-06-12T00:00:00",
    "COD_ESTADO": "A",
    "FE_ULT_ACT": "2000-06-12T00:00:00",
    "COD_DDN": ""
  },
  {
    "COD_LOCALIDAD": 5264,
    "NOM_LOCALIDAD": "AIMOGASTA",
    "COD_PROVINCIA": "F",
    "FE_ALTA": "2000-06-12T00:00:00",
    "COD_ESTADO": "A",
    "FE_ULT_ACT": "2015-01-07T13:36:13.856975",
    "COD_DDN": "3827"
  },
  {
    "COD_LOCALIDAD": 5265,
    "NOM_LOCALIDAD": "ALCAZAR",
    "COD_PROVINCIA": "F",
    "FE_ALTA": "2000-06-12T00:00:00",
    "COD_ESTADO": "A",
    "FE_ULT_ACT": "2000-06-12T00:00:00",
    "COD_DDN": ""
  },
  {
    "COD_LOCALIDAD": 5266,
    "NOM_LOCALIDAD": "ALGARROBO GRANDE",
    "COD_PROVINCIA": "F",
    "FE_ALTA": "2000-06-12T00:00:00",
    "COD_ESTADO": "A",
    "FE_ULT_ACT": "2000-06-12T00:00:00",
    "COD_DDN": ""
  },
  {
    "COD_LOCALIDAD": 5267,
    "NOM_LOCALIDAD": "ALPASINCHE",
    "COD_PROVINCIA": "F",
    "FE_ALTA": "2000-06-12T00:00:00",
    "COD_ESTADO": "A",
    "FE_ULT_ACT": "2000-06-12T00:00:00",
    "COD_DDN": ""
  },
  {
    "COD_LOCALIDAD": 5268,
    "NOM_LOCALIDAD": "ALTILLO DEL MEDIO",
    "COD_PROVINCIA": "F",
    "FE_ALTA": "2000-06-12T00:00:00",
    "COD_ESTADO": "A",
    "FE_ULT_ACT": "2000-06-12T00:00:00",
    "COD_DDN": ""
  },
  {
    "COD_LOCALIDAD": 5269,
    "NOM_LOCALIDAD": "ALTO BAYO",
    "COD_PROVINCIA": "F",
    "FE_ALTA": "2000-06-12T00:00:00",
    "COD_ESTADO": "A",
    "FE_ULT_ACT": "2000-06-12T00:00:00",
    "COD_DDN": ""
  },
  {
    "COD_LOCALIDAD": 5270,
    "NOM_LOCALIDAD": "ALTO CARRIZAL",
    "COD_PROVINCIA": "F",
    "FE_ALTA": "2000-06-12T00:00:00",
    "COD_ESTADO": "A",
    "FE_ULT_ACT": "2000-06-12T00:00:00",
    "COD_DDN": ""
  },
  {
    "COD_LOCALIDAD": 5271,
    "NOM_LOCALIDAD": "ALTO JAGUEL",
    "COD_PROVINCIA": "F",
    "FE_ALTA": "2000-06-12T00:00:00",
    "COD_ESTADO": "A",
    "FE_ULT_ACT": "2000-06-12T00:00:00",
    "COD_DDN": ""
  },
  {
    "COD_LOCALIDAD": 5272,
    "NOM_LOCALIDAD": "AMANA",
    "COD_PROVINCIA": "F",
    "FE_ALTA": "2000-06-12T00:00:00",
    "COD_ESTADO": "A",
    "FE_ULT_ACT": "2015-01-07T13:36:13.857101",
    "COD_DDN": "0380"
  },
  {
    "COD_LOCALIDAD": 5273,
    "NOM_LOCALIDAD": "AMBIL",
    "COD_PROVINCIA": "F",
    "FE_ALTA": "2000-06-12T00:00:00",
    "COD_ESTADO": "A",
    "FE_ULT_ACT": "2000-06-12T00:00:00",
    "COD_DDN": ""
  },
  {
    "COD_LOCALIDAD": 5274,
    "NOM_LOCALIDAD": "AMILGANCHO",
    "COD_PROVINCIA": "F",
    "FE_ALTA": "2000-06-12T00:00:00",
    "COD_ESTADO": "A",
    "FE_ULT_ACT": "2000-06-12T00:00:00",
    "COD_DDN": ""
  },
  {
    "COD_LOCALIDAD": 5275,
    "NOM_LOCALIDAD": "AMINGA",
    "COD_PROVINCIA": "F",
    "FE_ALTA": "2000-06-12T00:00:00",
    "COD_ESTADO": "A",
    "FE_ULT_ACT": "2015-01-07T13:36:13.857238",
    "COD_DDN": "3827"
  },
  {
    "COD_LOCALIDAD": 5276,
    "NOM_LOCALIDAD": "AMPATA",
    "COD_PROVINCIA": "F",
    "FE_ALTA": "2000-06-12T00:00:00",
    "COD_ESTADO": "A",
    "FE_ULT_ACT": "2000-06-12T00:00:00",
    "COD_DDN": ""
  },
  {
    "COD_LOCALIDAD": 5277,
    "NOM_LOCALIDAD": "AMUSCHINA",
    "COD_PROVINCIA": "F",
    "FE_ALTA": "2000-06-12T00:00:00",
    "COD_ESTADO": "A",
    "FE_ULT_ACT": "2000-06-12T00:00:00",
    "COD_DDN": ""
  },
  {
    "COD_LOCALIDAD": 5278,
    "NOM_LOCALIDAD": "ANCHICO",
    "COD_PROVINCIA": "F",
    "FE_ALTA": "2000-06-12T00:00:00",
    "COD_ESTADO": "A",
    "FE_ULT_ACT": "2000-06-12T00:00:00",
    "COD_DDN": ""
  },
  {
    "COD_LOCALIDAD": 5279,
    "NOM_LOCALIDAD": "ANCHUMBIL",
    "COD_PROVINCIA": "F",
    "FE_ALTA": "2000-06-12T00:00:00",
    "COD_ESTADO": "A",
    "FE_ULT_ACT": "2000-06-12T00:00:00",
    "COD_DDN": ""
  },
  {
    "COD_LOCALIDAD": 5280,
    "NOM_LOCALIDAD": "ANDOLUCAS",
    "COD_PROVINCIA": "F",
    "FE_ALTA": "2000-06-12T00:00:00",
    "COD_ESTADO": "A",
    "FE_ULT_ACT": "2000-06-12T00:00:00",
    "COD_DDN": ""
  },
  {
    "COD_LOCALIDAD": 5281,
    "NOM_LOCALIDAD": "ANGUINAN",
    "COD_PROVINCIA": "F",
    "FE_ALTA": "2000-06-12T00:00:00",
    "COD_ESTADO": "A",
    "FE_ULT_ACT": "2015-01-07T13:36:13.857352",
    "COD_DDN": "3825"
  },
  {
    "COD_LOCALIDAD": 5282,
    "NOM_LOCALIDAD": "ANGULOS",
    "COD_PROVINCIA": "F",
    "FE_ALTA": "2000-06-12T00:00:00",
    "COD_ESTADO": "A",
    "FE_ULT_ACT": "2015-01-07T13:36:13.857486",
    "COD_DDN": "3825"
  },
  {
    "COD_LOCALIDAD": 5283,
    "NOM_LOCALIDAD": "ANILLACO",
    "COD_PROVINCIA": "F",
    "FE_ALTA": "2000-06-12T00:00:00",
    "COD_ESTADO": "A",
    "FE_ULT_ACT": "2015-01-07T13:36:13.857651",
    "COD_DDN": "3827"
  },
  {
    "COD_LOCALIDAD": 5284,
    "NOM_LOCALIDAD": "ANJULLON",
    "COD_PROVINCIA": "F",
    "FE_ALTA": "2000-06-12T00:00:00",
    "COD_ESTADO": "A",
    "FE_ULT_ACT": "2000-06-12T00:00:00",
    "COD_DDN": ""
  },
  {
    "COD_LOCALIDAD": 5285,
    "NOM_LOCALIDAD": "ANTINACO",
    "COD_PROVINCIA": "F",
    "FE_ALTA": "2000-06-12T00:00:00",
    "COD_ESTADO": "A",
    "FE_ULT_ACT": "2015-01-07T13:36:13.857761",
    "COD_DDN": "3825"
  },
  {
    "COD_LOCALIDAD": 5286,
    "NOM_LOCALIDAD": "ARAUCO",
    "COD_PROVINCIA": "F",
    "FE_ALTA": "2000-06-12T00:00:00",
    "COD_ESTADO": "A",
    "FE_ULT_ACT": "2000-06-12T00:00:00",
    "COD_DDN": ""
  },
  {
    "COD_LOCALIDAD": 5287,
    "NOM_LOCALIDAD": "ATILES",
    "COD_PROVINCIA": "F",
    "FE_ALTA": "2000-06-12T00:00:00",
    "COD_ESTADO": "A",
    "FE_ULT_ACT": "2000-06-12T00:00:00",
    "COD_DDN": ""
  },
  {
    "COD_LOCALIDAD": 5288,
    "NOM_LOCALIDAD": "BAJO CORRAL DE ISAAC",
    "COD_PROVINCIA": "F",
    "FE_ALTA": "2000-06-12T00:00:00",
    "COD_ESTADO": "A",
    "FE_ULT_ACT": "2000-06-12T00:00:00",
    "COD_DDN": ""
  },
  {
    "COD_LOCALIDAD": 5289,
    "NOM_LOCALIDAD": "BAJO DE GALLO",
    "COD_PROVINCIA": "F",
    "FE_ALTA": "2000-06-12T00:00:00",
    "COD_ESTADO": "A",
    "FE_ULT_ACT": "2000-06-12T00:00:00",
    "COD_DDN": ""
  },
  {
    "COD_LOCALIDAD": 5290,
    "NOM_LOCALIDAD": "BAJO GRANDE",
    "COD_PROVINCIA": "F",
    "FE_ALTA": "2000-06-12T00:00:00",
    "COD_ESTADO": "A",
    "FE_ULT_ACT": "2000-06-12T00:00:00",
    "COD_DDN": ""
  },
  {
    "COD_LOCALIDAD": 5291,
    "NOM_LOCALIDAD": "BAJO HONDO",
    "COD_PROVINCIA": "F",
    "FE_ALTA": "2000-06-12T00:00:00",
    "COD_ESTADO": "A",
    "FE_ULT_ACT": "2000-06-12T00:00:00",
    "COD_DDN": ""
  },
  {
    "COD_LOCALIDAD": 5292,
    "NOM_LOCALIDAD": "BAJO JAGUEL",
    "COD_PROVINCIA": "F",
    "FE_ALTA": "2000-06-12T00:00:00",
    "COD_ESTADO": "A",
    "FE_ULT_ACT": "2000-06-12T00:00:00",
    "COD_DDN": ""
  },
  {
    "COD_LOCALIDAD": 5293,
    "NOM_LOCALIDAD": "BALDE DEL QUEBRACHO",
    "COD_PROVINCIA": "F",
    "FE_ALTA": "2000-06-12T00:00:00",
    "COD_ESTADO": "A",
    "FE_ULT_ACT": "2000-06-12T00:00:00",
    "COD_DDN": ""
  },
  {
    "COD_LOCALIDAD": 5294,
    "NOM_LOCALIDAD": "BALDE SALADO",
    "COD_PROVINCIA": "F",
    "FE_ALTA": "2000-06-12T00:00:00",
    "COD_ESTADO": "A",
    "FE_ULT_ACT": "2000-06-12T00:00:00",
    "COD_DDN": ""
  },
  {
    "COD_LOCALIDAD": 5295,
    "NOM_LOCALIDAD": "BALDE SAN ISIDRO",
    "COD_PROVINCIA": "F",
    "FE_ALTA": "2000-06-12T00:00:00",
    "COD_ESTADO": "A",
    "FE_ULT_ACT": "2000-06-12T00:00:00",
    "COD_DDN": ""
  },
  {
    "COD_LOCALIDAD": 5296,
    "NOM_LOCALIDAD": "BALDES DE PACHECO",
    "COD_PROVINCIA": "F",
    "FE_ALTA": "2000-06-12T00:00:00",
    "COD_ESTADO": "A",
    "FE_ULT_ACT": "2000-06-12T00:00:00",
    "COD_DDN": ""
  },
  {
    "COD_LOCALIDAD": 5297,
    "NOM_LOCALIDAD": "BANDA FLORIDA",
    "COD_PROVINCIA": "F",
    "FE_ALTA": "2000-06-12T00:00:00",
    "COD_ESTADO": "A",
    "FE_ULT_ACT": "2000-06-12T00:00:00",
    "COD_DDN": ""
  },
  {
    "COD_LOCALIDAD": 5298,
    "NOM_LOCALIDAD": "BARRANQUITAS",
    "COD_PROVINCIA": "F",
    "FE_ALTA": "2000-06-12T00:00:00",
    "COD_ESTADO": "A",
    "FE_ULT_ACT": "2000-06-12T00:00:00",
    "COD_DDN": ""
  },
  {
    "COD_LOCALIDAD": 5299,
    "NOM_LOCALIDAD": "BARRIO DE GALLI",
    "COD_PROVINCIA": "F",
    "FE_ALTA": "2000-06-12T00:00:00",
    "COD_ESTADO": "A",
    "FE_ULT_ACT": "2000-06-12T00:00:00",
    "COD_DDN": ""
  },
  {
    "COD_LOCALIDAD": 5300,
    "NOM_LOCALIDAD": "BAYO MUERTO",
    "COD_PROVINCIA": "F",
    "FE_ALTA": "2000-06-12T00:00:00",
    "COD_ESTADO": "A",
    "FE_ULT_ACT": "2000-06-12T00:00:00",
    "COD_DDN": ""
  },
  {
    "COD_LOCALIDAD": 5301,
    "NOM_LOCALIDAD": "BAZAN",
    "COD_PROVINCIA": "F",
    "FE_ALTA": "2000-06-12T00:00:00",
    "COD_ESTADO": "A",
    "FE_ULT_ACT": "2000-06-12T00:00:00",
    "COD_DDN": ""
  },
  {
    "COD_LOCALIDAD": 5302,
    "NOM_LOCALIDAD": "BAÑADOS DEL PANTANO",
    "COD_PROVINCIA": "F",
    "FE_ALTA": "2000-06-12T00:00:00",
    "COD_ESTADO": "A",
    "FE_ULT_ACT": "2000-06-12T00:00:00",
    "COD_DDN": ""
  },
  {
    "COD_LOCALIDAD": 5303,
    "NOM_LOCALIDAD": "BELLA VISTA",
    "COD_PROVINCIA": "F",
    "FE_ALTA": "2000-06-12T00:00:00",
    "COD_ESTADO": "A",
    "FE_ULT_ACT": "2000-06-12T00:00:00",
    "COD_DDN": ""
  },
  {
    "COD_LOCALIDAD": 5304,
    "NOM_LOCALIDAD": "BOCA DE LA QUEBRADA",
    "COD_PROVINCIA": "F",
    "FE_ALTA": "2000-06-12T00:00:00",
    "COD_ESTADO": "A",
    "FE_ULT_ACT": "2000-06-12T00:00:00",
    "COD_DDN": ""
  },
  {
    "COD_LOCALIDAD": 5305,
    "NOM_LOCALIDAD": "BUENA VISTA",
    "COD_PROVINCIA": "F",
    "FE_ALTA": "2000-06-12T00:00:00",
    "COD_ESTADO": "A",
    "FE_ULT_ACT": "2000-06-12T00:00:00",
    "COD_DDN": ""
  },
  {
    "COD_LOCALIDAD": 5306,
    "NOM_LOCALIDAD": "CACHIYUYAL",
    "COD_PROVINCIA": "F",
    "FE_ALTA": "2000-06-12T00:00:00",
    "COD_ESTADO": "A",
    "FE_ULT_ACT": "2000-06-12T00:00:00",
    "COD_DDN": ""
  },
  {
    "COD_LOCALIDAD": 5307,
    "NOM_LOCALIDAD": "CAMPANAS",
    "COD_PROVINCIA": "F",
    "FE_ALTA": "2000-06-12T00:00:00",
    "COD_ESTADO": "A",
    "FE_ULT_ACT": "2015-01-07T13:36:13.85787",
    "COD_DDN": "3825"
  },
  {
    "COD_LOCALIDAD": 5308,
    "NOM_LOCALIDAD": "CAMPO TRES POZOS",
    "COD_PROVINCIA": "F",
    "FE_ALTA": "2000-06-12T00:00:00",
    "COD_ESTADO": "A",
    "FE_ULT_ACT": "2000-06-12T00:00:00",
    "COD_DDN": ""
  },
  {
    "COD_LOCALIDAD": 5309,
    "NOM_LOCALIDAD": "CAPIHUAS",
    "COD_PROVINCIA": "F",
    "FE_ALTA": "2000-06-12T00:00:00",
    "COD_ESTADO": "A",
    "FE_ULT_ACT": "2000-06-12T00:00:00",
    "COD_DDN": ""
  },
  {
    "COD_LOCALIDAD": 5310,
    "NOM_LOCALIDAD": "CARRIZAL",
    "COD_PROVINCIA": "F",
    "FE_ALTA": "2000-06-12T00:00:00",
    "COD_ESTADO": "A",
    "FE_ULT_ACT": "2000-06-12T00:00:00",
    "COD_DDN": ""
  },
  {
    "COD_LOCALIDAD": 5311,
    "NOM_LOCALIDAD": "CARRIZAL ESTACION FCGB",
    "COD_PROVINCIA": "F",
    "FE_ALTA": "2000-06-12T00:00:00",
    "COD_ESTADO": "A",
    "FE_ULT_ACT": "2000-06-12T00:00:00",
    "COD_DDN": ""
  },
  {
    "COD_LOCALIDAD": 5312,
    "NOM_LOCALIDAD": "CARRIZAL TAMA",
    "COD_PROVINCIA": "F",
    "FE_ALTA": "2000-06-12T00:00:00",
    "COD_ESTADO": "A",
    "FE_ULT_ACT": "2000-06-12T00:00:00",
    "COD_DDN": ""
  },
  {
    "COD_LOCALIDAD": 5313,
    "NOM_LOCALIDAD": "CARRIZALILLO",
    "COD_PROVINCIA": "F",
    "FE_ALTA": "2000-06-12T00:00:00",
    "COD_ESTADO": "A",
    "FE_ULT_ACT": "2000-06-12T00:00:00",
    "COD_DDN": ""
  },
  {
    "COD_LOCALIDAD": 5314,
    "NOM_LOCALIDAD": "CASA PINTADA",
    "COD_PROVINCIA": "F",
    "FE_ALTA": "2000-06-12T00:00:00",
    "COD_ESTADO": "A",
    "FE_ULT_ACT": "2000-06-12T00:00:00",
    "COD_DDN": ""
  },
  {
    "COD_LOCALIDAD": 5315,
    "NOM_LOCALIDAD": "CASAGATE",
    "COD_PROVINCIA": "F",
    "FE_ALTA": "2000-06-12T00:00:00",
    "COD_ESTADO": "A",
    "FE_ULT_ACT": "2000-06-12T00:00:00",
    "COD_DDN": ""
  },
  {
    "COD_LOCALIDAD": 5316,
    "NOM_LOCALIDAD": "CASANGATE",
    "COD_PROVINCIA": "F",
    "FE_ALTA": "2000-06-12T00:00:00",
    "COD_ESTADO": "A",
    "FE_ULT_ACT": "2000-06-12T00:00:00",
    "COD_DDN": ""
  },
  {
    "COD_LOCALIDAD": 5317,
    "NOM_LOCALIDAD": "CASAS VIEJAS",
    "COD_PROVINCIA": "F",
    "FE_ALTA": "2000-06-12T00:00:00",
    "COD_ESTADO": "A",
    "FE_ULT_ACT": "2000-06-12T00:00:00",
    "COD_DDN": ""
  },
  {
    "COD_LOCALIDAD": 5318,
    "NOM_LOCALIDAD": "CASTRO BARROS",
    "COD_PROVINCIA": "F",
    "FE_ALTA": "2000-06-12T00:00:00",
    "COD_ESTADO": "A",
    "FE_ULT_ACT": "2000-06-12T00:00:00",
    "COD_DDN": ""
  },
  {
    "COD_LOCALIDAD": 5319,
    "NOM_LOCALIDAD": "CATINZACO",
    "COD_PROVINCIA": "F",
    "FE_ALTA": "2000-06-12T00:00:00",
    "COD_ESTADO": "A",
    "FE_ULT_ACT": "2000-06-12T00:00:00",
    "COD_DDN": ""
  },
  {
    "COD_LOCALIDAD": 5320,
    "NOM_LOCALIDAD": "CATINZACO EMBARCADERO FCGB",
    "COD_PROVINCIA": "F",
    "FE_ALTA": "2000-06-12T00:00:00",
    "COD_ESTADO": "A",
    "FE_ULT_ACT": "2000-06-12T00:00:00",
    "COD_DDN": ""
  },
  {
    "COD_LOCALIDAD": 5321,
    "NOM_LOCALIDAD": "CATUNA",
    "COD_PROVINCIA": "F",
    "FE_ALTA": "2000-06-12T00:00:00",
    "COD_ESTADO": "A",
    "FE_ULT_ACT": "2000-06-12T00:00:00",
    "COD_DDN": ""
  },
  {
    "COD_LOCALIDAD": 5322,
    "NOM_LOCALIDAD": "CAÑADA HONDA",
    "COD_PROVINCIA": "F",
    "FE_ALTA": "2000-06-12T00:00:00",
    "COD_ESTADO": "A",
    "FE_ULT_ACT": "2000-06-12T00:00:00",
    "COD_DDN": ""
  },
  {
    "COD_LOCALIDAD": 5323,
    "NOM_LOCALIDAD": "CAÑADA VERDE",
    "COD_PROVINCIA": "F",
    "FE_ALTA": "2000-06-12T00:00:00",
    "COD_ESTADO": "A",
    "FE_ULT_ACT": "2000-06-12T00:00:00",
    "COD_DDN": ""
  },
  {
    "COD_LOCALIDAD": 5324,
    "NOM_LOCALIDAD": "CEBOLLAR",
    "COD_PROVINCIA": "F",
    "FE_ALTA": "2000-06-12T00:00:00",
    "COD_ESTADO": "A",
    "FE_ULT_ACT": "2000-06-12T00:00:00",
    "COD_DDN": ""
  },
  {
    "COD_LOCALIDAD": 5325,
    "NOM_LOCALIDAD": "CERRO NEGRO",
    "COD_PROVINCIA": "F",
    "FE_ALTA": "2000-06-12T00:00:00",
    "COD_ESTADO": "A",
    "FE_ULT_ACT": "2000-06-12T00:00:00",
    "COD_DDN": ""
  },
  {
    "COD_LOCALIDAD": 5326,
    "NOM_LOCALIDAD": "CHAMICAL",
    "COD_PROVINCIA": "F",
    "FE_ALTA": "2000-06-12T00:00:00",
    "COD_ESTADO": "A",
    "FE_ULT_ACT": "2015-01-07T13:36:13.857978",
    "COD_DDN": "3826"
  },
  {
    "COD_LOCALIDAD": 5327,
    "NOM_LOCALIDAD": "CHAUPIHUASI",
    "COD_PROVINCIA": "F",
    "FE_ALTA": "2000-06-12T00:00:00",
    "COD_ESTADO": "A",
    "FE_ULT_ACT": "2000-06-12T00:00:00",
    "COD_DDN": ""
  },
  {
    "COD_LOCALIDAD": 5328,
    "NOM_LOCALIDAD": "CHAÑAR",
    "COD_PROVINCIA": "F",
    "FE_ALTA": "2000-06-12T00:00:00",
    "COD_ESTADO": "A",
    "FE_ULT_ACT": "2015-01-07T13:36:13.858089",
    "COD_DDN": "3826"
  },
  {
    "COD_LOCALIDAD": 5329,
    "NOM_LOCALIDAD": "CHAÑARMUYO",
    "COD_PROVINCIA": "F",
    "FE_ALTA": "2000-06-12T00:00:00",
    "COD_ESTADO": "A",
    "FE_ULT_ACT": "2015-01-07T13:36:13.858253",
    "COD_DDN": "3825"
  },
  {
    "COD_LOCALIDAD": 5330,
    "NOM_LOCALIDAD": "CHELCOS",
    "COD_PROVINCIA": "F",
    "FE_ALTA": "2000-06-12T00:00:00",
    "COD_ESTADO": "A",
    "FE_ULT_ACT": "2000-06-12T00:00:00",
    "COD_DDN": ""
  },
  {
    "COD_LOCALIDAD": 5331,
    "NOM_LOCALIDAD": "CHEPES",
    "COD_PROVINCIA": "F",
    "FE_ALTA": "2000-06-12T00:00:00",
    "COD_ESTADO": "A",
    "FE_ULT_ACT": "2015-01-07T13:36:13.858422",
    "COD_DDN": "3821"
  },
  {
    "COD_LOCALIDAD": 5332,
    "NOM_LOCALIDAD": "CHEPES VIEJOS",
    "COD_PROVINCIA": "F",
    "FE_ALTA": "2000-06-12T00:00:00",
    "COD_ESTADO": "A",
    "FE_ULT_ACT": "2000-06-12T00:00:00",
    "COD_DDN": ""
  },
  {
    "COD_LOCALIDAD": 5333,
    "NOM_LOCALIDAD": "CHILA",
    "COD_PROVINCIA": "F",
    "FE_ALTA": "2000-06-12T00:00:00",
    "COD_ESTADO": "A",
    "FE_ULT_ACT": "2000-06-12T00:00:00",
    "COD_DDN": ""
  },
  {
    "COD_LOCALIDAD": 5334,
    "NOM_LOCALIDAD": "CHILECITO",
    "COD_PROVINCIA": "F",
    "FE_ALTA": "2000-06-12T00:00:00",
    "COD_ESTADO": "A",
    "FE_ULT_ACT": "2015-01-07T13:36:13.858561",
    "COD_DDN": "3825"
  },
  {
    "COD_LOCALIDAD": 5335,
    "NOM_LOCALIDAD": "CHIMENEA",
    "COD_PROVINCIA": "F",
    "FE_ALTA": "2000-06-12T00:00:00",
    "COD_ESTADO": "A",
    "FE_ULT_ACT": "2000-06-12T00:00:00",
    "COD_DDN": ""
  },
  {
    "COD_LOCALIDAD": 5336,
    "NOM_LOCALIDAD": "CHULO",
    "COD_PROVINCIA": "F",
    "FE_ALTA": "2000-06-12T00:00:00",
    "COD_ESTADO": "A",
    "FE_ULT_ACT": "2000-06-12T00:00:00",
    "COD_DDN": ""
  },
  {
    "COD_LOCALIDAD": 5337,
    "NOM_LOCALIDAD": "CHUMBICHA",
    "COD_PROVINCIA": "F",
    "FE_ALTA": "2000-06-12T00:00:00",
    "COD_ESTADO": "A",
    "FE_ULT_ACT": "2000-06-12T00:00:00",
    "COD_DDN": ""
  },
  {
    "COD_LOCALIDAD": 5338,
    "NOM_LOCALIDAD": "CHUQUIS",
    "COD_PROVINCIA": "F",
    "FE_ALTA": "2000-06-12T00:00:00",
    "COD_ESTADO": "A",
    "FE_ULT_ACT": "2015-01-07T13:36:13.858707",
    "COD_DDN": "3827"
  },
  {
    "COD_LOCALIDAD": 5339,
    "NOM_LOCALIDAD": "CISCO",
    "COD_PROVINCIA": "F",
    "FE_ALTA": "2000-06-12T00:00:00",
    "COD_ESTADO": "A",
    "FE_ULT_ACT": "2000-06-12T00:00:00",
    "COD_DDN": ""
  },
  {
    "COD_LOCALIDAD": 5340,
    "NOM_LOCALIDAD": "COLONIA ALFREDO",
    "COD_PROVINCIA": "F",
    "FE_ALTA": "2000-06-12T00:00:00",
    "COD_ESTADO": "A",
    "FE_ULT_ACT": "2000-06-12T00:00:00",
    "COD_DDN": ""
  },
  {
    "COD_LOCALIDAD": 5341,
    "NOM_LOCALIDAD": "COLONIA ORTIZ DE OCAMPO",
    "COD_PROVINCIA": "F",
    "FE_ALTA": "2000-06-12T00:00:00",
    "COD_ESTADO": "A",
    "FE_ULT_ACT": "2000-06-12T00:00:00",
    "COD_DDN": ""
  },
  {
    "COD_LOCALIDAD": 5342,
    "NOM_LOCALIDAD": "COMANDANTE LEAL",
    "COD_PROVINCIA": "F",
    "FE_ALTA": "2000-06-12T00:00:00",
    "COD_ESTADO": "A",
    "FE_ULT_ACT": "2000-06-12T00:00:00",
    "COD_DDN": ""
  },
  {
    "COD_LOCALIDAD": 5343,
    "NOM_LOCALIDAD": "CORDOBITA",
    "COD_PROVINCIA": "F",
    "FE_ALTA": "2000-06-12T00:00:00",
    "COD_ESTADO": "A",
    "FE_ULT_ACT": "2000-06-12T00:00:00",
    "COD_DDN": ""
  },
  {
    "COD_LOCALIDAD": 5344,
    "NOM_LOCALIDAD": "CORRAL DE ISAAC",
    "COD_PROVINCIA": "F",
    "FE_ALTA": "2000-06-12T00:00:00",
    "COD_ESTADO": "A",
    "FE_ULT_ACT": "2000-06-12T00:00:00",
    "COD_DDN": ""
  },
  {
    "COD_LOCALIDAD": 5345,
    "NOM_LOCALIDAD": "CORTADERAS",
    "COD_PROVINCIA": "F",
    "FE_ALTA": "2000-06-12T00:00:00",
    "COD_ESTADO": "A",
    "FE_ULT_ACT": "2000-06-12T00:00:00",
    "COD_DDN": ""
  },
  {
    "COD_LOCALIDAD": 5346,
    "NOM_LOCALIDAD": "CORTADERAS EMBARCADERO FCGB",
    "COD_PROVINCIA": "F",
    "FE_ALTA": "2000-06-12T00:00:00",
    "COD_ESTADO": "A",
    "FE_ULT_ACT": "2000-06-12T00:00:00",
    "COD_DDN": ""
  },
  {
    "COD_LOCALIDAD": 5347,
    "NOM_LOCALIDAD": "CUATRO ESQUINAS",
    "COD_PROVINCIA": "F",
    "FE_ALTA": "2000-06-12T00:00:00",
    "COD_ESTADO": "A",
    "FE_ULT_ACT": "2000-06-12T00:00:00",
    "COD_DDN": ""
  },
  {
    "COD_LOCALIDAD": 5348,
    "NOM_LOCALIDAD": "CUEVA DEL CHACHO",
    "COD_PROVINCIA": "F",
    "FE_ALTA": "2000-06-12T00:00:00",
    "COD_ESTADO": "A",
    "FE_ULT_ACT": "2000-06-12T00:00:00",
    "COD_DDN": ""
  },
  {
    "COD_LOCALIDAD": 5349,
    "NOM_LOCALIDAD": "CUIPAN",
    "COD_PROVINCIA": "F",
    "FE_ALTA": "2000-06-12T00:00:00",
    "COD_ESTADO": "A",
    "FE_ULT_ACT": "2015-01-07T13:36:13.858827",
    "COD_DDN": "3827"
  },
  {
    "COD_LOCALIDAD": 5350,
    "NOM_LOCALIDAD": "DESIDERIO TELLO",
    "COD_PROVINCIA": "F",
    "FE_ALTA": "2000-06-12T00:00:00",
    "COD_ESTADO": "A",
    "FE_ULT_ACT": "2000-06-12T00:00:00",
    "COD_DDN": ""
  },
  {
    "COD_LOCALIDAD": 5351,
    "NOM_LOCALIDAD": "DIQUE DE ANZULON",
    "COD_PROVINCIA": "F",
    "FE_ALTA": "2000-06-12T00:00:00",
    "COD_ESTADO": "A",
    "FE_ULT_ACT": "2000-06-12T00:00:00",
    "COD_DDN": ""
  },
  {
    "COD_LOCALIDAD": 5352,
    "NOM_LOCALIDAD": "DIQUE LOS SAUCES",
    "COD_PROVINCIA": "F",
    "FE_ALTA": "2000-06-12T00:00:00",
    "COD_ESTADO": "A",
    "FE_ULT_ACT": "2000-06-12T00:00:00",
    "COD_DDN": ""
  },
  {
    "COD_LOCALIDAD": 5353,
    "NOM_LOCALIDAD": "DISTRITO PUEBLO",
    "COD_PROVINCIA": "F",
    "FE_ALTA": "2000-06-12T00:00:00",
    "COD_ESTADO": "A",
    "FE_ULT_ACT": "2000-06-12T00:00:00",
    "COD_DDN": ""
  },
  {
    "COD_LOCALIDAD": 5354,
    "NOM_LOCALIDAD": "EL ABRA",
    "COD_PROVINCIA": "F",
    "FE_ALTA": "2000-06-12T00:00:00",
    "COD_ESTADO": "A",
    "FE_ULT_ACT": "2000-06-12T00:00:00",
    "COD_DDN": ""
  },
  {
    "COD_LOCALIDAD": 5355,
    "NOM_LOCALIDAD": "EL ALTILLO",
    "COD_PROVINCIA": "F",
    "FE_ALTA": "2000-06-12T00:00:00",
    "COD_ESTADO": "A",
    "FE_ULT_ACT": "2000-06-12T00:00:00",
    "COD_DDN": ""
  },
  {
    "COD_LOCALIDAD": 5356,
    "NOM_LOCALIDAD": "EL ALTO",
    "COD_PROVINCIA": "F",
    "FE_ALTA": "2000-06-12T00:00:00",
    "COD_ESTADO": "A",
    "FE_ULT_ACT": "2000-06-12T00:00:00",
    "COD_DDN": ""
  },
  {
    "COD_LOCALIDAD": 5357,
    "NOM_LOCALIDAD": "EL BALDE",
    "COD_PROVINCIA": "F",
    "FE_ALTA": "2000-06-12T00:00:00",
    "COD_ESTADO": "A",
    "FE_ULT_ACT": "2000-06-12T00:00:00",
    "COD_DDN": ""
  },
  {
    "COD_LOCALIDAD": 5358,
    "NOM_LOCALIDAD": "EL BARRANCO",
    "COD_PROVINCIA": "F",
    "FE_ALTA": "2000-06-12T00:00:00",
    "COD_ESTADO": "A",
    "FE_ULT_ACT": "2000-06-12T00:00:00",
    "COD_DDN": ""
  },
  {
    "COD_LOCALIDAD": 5359,
    "NOM_LOCALIDAD": "EL BARREAL",
    "COD_PROVINCIA": "F",
    "FE_ALTA": "2000-06-12T00:00:00",
    "COD_ESTADO": "A",
    "FE_ULT_ACT": "2000-06-12T00:00:00",
    "COD_DDN": ""
  },
  {
    "COD_LOCALIDAD": 5360,
    "NOM_LOCALIDAD": "EL BARRIAL",
    "COD_PROVINCIA": "F",
    "FE_ALTA": "2000-06-12T00:00:00",
    "COD_ESTADO": "A",
    "FE_ULT_ACT": "2000-06-12T00:00:00",
    "COD_DDN": ""
  },
  {
    "COD_LOCALIDAD": 5361,
    "NOM_LOCALIDAD": "EL BAYITO",
    "COD_PROVINCIA": "F",
    "FE_ALTA": "2000-06-12T00:00:00",
    "COD_ESTADO": "A",
    "FE_ULT_ACT": "2000-06-12T00:00:00",
    "COD_DDN": ""
  },
  {
    "COD_LOCALIDAD": 5362,
    "NOM_LOCALIDAD": "EL BORDO",
    "COD_PROVINCIA": "F",
    "FE_ALTA": "2000-06-12T00:00:00",
    "COD_ESTADO": "A",
    "FE_ULT_ACT": "2000-06-12T00:00:00",
    "COD_DDN": ""
  },
  {
    "COD_LOCALIDAD": 5363,
    "NOM_LOCALIDAD": "EL CALDEN",
    "COD_PROVINCIA": "F",
    "FE_ALTA": "2000-06-12T00:00:00",
    "COD_ESTADO": "A",
    "FE_ULT_ACT": "2000-06-12T00:00:00",
    "COD_DDN": ""
  },
  {
    "COD_LOCALIDAD": 5364,
    "NOM_LOCALIDAD": "EL CANTADERO",
    "COD_PROVINCIA": "F",
    "FE_ALTA": "2000-06-12T00:00:00",
    "COD_ESTADO": "A",
    "FE_ULT_ACT": "2015-01-07T13:36:13.858945",
    "COD_DDN": "0380"
  },
  {
    "COD_LOCALIDAD": 5365,
    "NOM_LOCALIDAD": "EL CARRIZAL",
    "COD_PROVINCIA": "F",
    "FE_ALTA": "2000-06-12T00:00:00",
    "COD_ESTADO": "A",
    "FE_ULT_ACT": "2000-06-12T00:00:00",
    "COD_DDN": ""
  },
  {
    "COD_LOCALIDAD": 5366,
    "NOM_LOCALIDAD": "EL CATORCE",
    "COD_PROVINCIA": "F",
    "FE_ALTA": "2000-06-12T00:00:00",
    "COD_ESTADO": "A",
    "FE_ULT_ACT": "2000-06-12T00:00:00",
    "COD_DDN": ""
  },
  {
    "COD_LOCALIDAD": 5367,
    "NOM_LOCALIDAD": "EL CERCO",
    "COD_PROVINCIA": "F",
    "FE_ALTA": "2000-06-12T00:00:00",
    "COD_ESTADO": "A",
    "FE_ULT_ACT": "2000-06-12T00:00:00",
    "COD_DDN": ""
  },
  {
    "COD_LOCALIDAD": 5368,
    "NOM_LOCALIDAD": "EL CHIFLON",
    "COD_PROVINCIA": "F",
    "FE_ALTA": "2000-06-12T00:00:00",
    "COD_ESTADO": "A",
    "FE_ULT_ACT": "2000-06-12T00:00:00",
    "COD_DDN": ""
  },
  {
    "COD_LOCALIDAD": 5369,
    "NOM_LOCALIDAD": "EL CHOCOY",
    "COD_PROVINCIA": "F",
    "FE_ALTA": "2000-06-12T00:00:00",
    "COD_ESTADO": "A",
    "FE_ULT_ACT": "2000-06-12T00:00:00",
    "COD_DDN": ""
  },
  {
    "COD_LOCALIDAD": 5370,
    "NOM_LOCALIDAD": "EL CHUSCHIN",
    "COD_PROVINCIA": "F",
    "FE_ALTA": "2000-06-12T00:00:00",
    "COD_ESTADO": "A",
    "FE_ULT_ACT": "2000-06-12T00:00:00",
    "COD_DDN": ""
  },
  {
    "COD_LOCALIDAD": 5371,
    "NOM_LOCALIDAD": "EL CHUSCO",
    "COD_PROVINCIA": "F",
    "FE_ALTA": "2000-06-12T00:00:00",
    "COD_ESTADO": "A",
    "FE_ULT_ACT": "2000-06-12T00:00:00",
    "COD_DDN": ""
  },
  {
    "COD_LOCALIDAD": 5372,
    "NOM_LOCALIDAD": "EL CIENAGO",
    "COD_PROVINCIA": "F",
    "FE_ALTA": "2000-06-12T00:00:00",
    "COD_ESTADO": "A",
    "FE_ULT_ACT": "2000-06-12T00:00:00",
    "COD_DDN": ""
  },
  {
    "COD_LOCALIDAD": 5373,
    "NOM_LOCALIDAD": "EL CINCUENTA",
    "COD_PROVINCIA": "F",
    "FE_ALTA": "2000-06-12T00:00:00",
    "COD_ESTADO": "A",
    "FE_ULT_ACT": "2000-06-12T00:00:00",
    "COD_DDN": ""
  },
  {
    "COD_LOCALIDAD": 5374,
    "NOM_LOCALIDAD": "EL CONDADO",
    "COD_PROVINCIA": "F",
    "FE_ALTA": "2000-06-12T00:00:00",
    "COD_ESTADO": "A",
    "FE_ULT_ACT": "2000-06-12T00:00:00",
    "COD_DDN": ""
  },
  {
    "COD_LOCALIDAD": 5375,
    "NOM_LOCALIDAD": "EL CONSUELO",
    "COD_PROVINCIA": "F",
    "FE_ALTA": "2000-06-12T00:00:00",
    "COD_ESTADO": "A",
    "FE_ULT_ACT": "2000-06-12T00:00:00",
    "COD_DDN": ""
  },
  {
    "COD_LOCALIDAD": 5376,
    "NOM_LOCALIDAD": "EL DIVISADERO",
    "COD_PROVINCIA": "F",
    "FE_ALTA": "2000-06-12T00:00:00",
    "COD_ESTADO": "A",
    "FE_ULT_ACT": "2000-06-12T00:00:00",
    "COD_DDN": ""
  },
  {
    "COD_LOCALIDAD": 5377,
    "NOM_LOCALIDAD": "EL DURAZNILLO",
    "COD_PROVINCIA": "F",
    "FE_ALTA": "2000-06-12T00:00:00",
    "COD_ESTADO": "A",
    "FE_ULT_ACT": "2000-06-12T00:00:00",
    "COD_DDN": ""
  },
  {
    "COD_LOCALIDAD": 5378,
    "NOM_LOCALIDAD": "EL ESCONDIDO",
    "COD_PROVINCIA": "F",
    "FE_ALTA": "2000-06-12T00:00:00",
    "COD_ESTADO": "A",
    "FE_ULT_ACT": "2000-06-12T00:00:00",
    "COD_DDN": ""
  },
  {
    "COD_LOCALIDAD": 5379,
    "NOM_LOCALIDAD": "EL FRAILE",
    "COD_PROVINCIA": "F",
    "FE_ALTA": "2000-06-12T00:00:00",
    "COD_ESTADO": "A",
    "FE_ULT_ACT": "2000-06-12T00:00:00",
    "COD_DDN": ""
  },
  {
    "COD_LOCALIDAD": 5380,
    "NOM_LOCALIDAD": "EL FUERTE",
    "COD_PROVINCIA": "F",
    "FE_ALTA": "2000-06-12T00:00:00",
    "COD_ESTADO": "A",
    "FE_ULT_ACT": "2000-06-12T00:00:00",
    "COD_DDN": ""
  },
  {
    "COD_LOCALIDAD": 5381,
    "NOM_LOCALIDAD": "EL GARABATO",
    "COD_PROVINCIA": "F",
    "FE_ALTA": "2000-06-12T00:00:00",
    "COD_ESTADO": "A",
    "FE_ULT_ACT": "2000-06-12T00:00:00",
    "COD_DDN": ""
  },
  {
    "COD_LOCALIDAD": 5382,
    "NOM_LOCALIDAD": "EL HORNO",
    "COD_PROVINCIA": "F",
    "FE_ALTA": "2000-06-12T00:00:00",
    "COD_ESTADO": "A",
    "FE_ULT_ACT": "2000-06-12T00:00:00",
    "COD_DDN": ""
  },
  {
    "COD_LOCALIDAD": 5383,
    "NOM_LOCALIDAD": "EL HUACO",
    "COD_PROVINCIA": "F",
    "FE_ALTA": "2000-06-12T00:00:00",
    "COD_ESTADO": "A",
    "FE_ULT_ACT": "2015-01-07T13:36:13.859092",
    "COD_DDN": "0380"
  },
  {
    "COD_LOCALIDAD": 5384,
    "NOM_LOCALIDAD": "EL JUMEAL",
    "COD_PROVINCIA": "F",
    "FE_ALTA": "2000-06-12T00:00:00",
    "COD_ESTADO": "A",
    "FE_ULT_ACT": "2000-06-12T00:00:00",
    "COD_DDN": ""
  },
  {
    "COD_LOCALIDAD": 5385,
    "NOM_LOCALIDAD": "EL MEDANITO",
    "COD_PROVINCIA": "F",
    "FE_ALTA": "2000-06-12T00:00:00",
    "COD_ESTADO": "A",
    "FE_ULT_ACT": "2000-06-12T00:00:00",
    "COD_DDN": ""
  },
  {
    "COD_LOCALIDAD": 5386,
    "NOM_LOCALIDAD": "EL MEDANO",
    "COD_PROVINCIA": "F",
    "FE_ALTA": "2000-06-12T00:00:00",
    "COD_ESTADO": "A",
    "FE_ULT_ACT": "2000-06-12T00:00:00",
    "COD_DDN": ""
  },
  {
    "COD_LOCALIDAD": 5387,
    "NOM_LOCALIDAD": "EL MOLLAR",
    "COD_PROVINCIA": "F",
    "FE_ALTA": "2000-06-12T00:00:00",
    "COD_ESTADO": "A",
    "FE_ULT_ACT": "2000-06-12T00:00:00",
    "COD_DDN": ""
  },
  {
    "COD_LOCALIDAD": 5388,
    "NOM_LOCALIDAD": "EL MOLLE",
    "COD_PROVINCIA": "F",
    "FE_ALTA": "2000-06-12T00:00:00",
    "COD_ESTADO": "A",
    "FE_ULT_ACT": "2000-06-12T00:00:00",
    "COD_DDN": ""
  },
  {
    "COD_LOCALIDAD": 5389,
    "NOM_LOCALIDAD": "EL PEDREGAL",
    "COD_PROVINCIA": "F",
    "FE_ALTA": "2000-06-12T00:00:00",
    "COD_ESTADO": "A",
    "FE_ULT_ACT": "2000-06-12T00:00:00",
    "COD_DDN": ""
  },
  {
    "COD_LOCALIDAD": 5390,
    "NOM_LOCALIDAD": "EL PLUMERILLO",
    "COD_PROVINCIA": "F",
    "FE_ALTA": "2000-06-12T00:00:00",
    "COD_ESTADO": "A",
    "FE_ULT_ACT": "2000-06-12T00:00:00",
    "COD_DDN": ""
  },
  {
    "COD_LOCALIDAD": 5391,
    "NOM_LOCALIDAD": "EL PORTEZUELO",
    "COD_PROVINCIA": "F",
    "FE_ALTA": "2000-06-12T00:00:00",
    "COD_ESTADO": "A",
    "FE_ULT_ACT": "2015-01-07T13:36:13.859243",
    "COD_DDN": "3826"
  },
  {
    "COD_LOCALIDAD": 5392,
    "NOM_LOCALIDAD": "EL POTRERILLO",
    "COD_PROVINCIA": "F",
    "FE_ALTA": "2000-06-12T00:00:00",
    "COD_ESTADO": "A",
    "FE_ULT_ACT": "2015-01-07T13:36:13.859409",
    "COD_DDN": "3825"
  },
  {
    "COD_LOCALIDAD": 5393,
    "NOM_LOCALIDAD": "EL POTRERILLO (GENERAL ROCA)",
    "COD_PROVINCIA": "F",
    "FE_ALTA": "2000-06-12T00:00:00",
    "COD_ESTADO": "A",
    "FE_ULT_ACT": "2000-06-12T00:00:00",
    "COD_DDN": ""
  },
  {
    "COD_LOCALIDAD": 5394,
    "NOM_LOCALIDAD": "EL POTRERO",
    "COD_PROVINCIA": "F",
    "FE_ALTA": "2000-06-12T00:00:00",
    "COD_ESTADO": "A",
    "FE_ULT_ACT": "2000-06-12T00:00:00",
    "COD_DDN": ""
  },
  {
    "COD_LOCALIDAD": 5395,
    "NOM_LOCALIDAD": "EL PUEBLITO",
    "COD_PROVINCIA": "F",
    "FE_ALTA": "2000-06-12T00:00:00",
    "COD_ESTADO": "A",
    "FE_ULT_ACT": "2000-06-12T00:00:00",
    "COD_DDN": ""
  },
  {
    "COD_LOCALIDAD": 5396,
    "NOM_LOCALIDAD": "EL PUESTO",
    "COD_PROVINCIA": "F",
    "FE_ALTA": "2000-06-12T00:00:00",
    "COD_ESTADO": "A",
    "FE_ULT_ACT": "2000-06-12T00:00:00",
    "COD_DDN": ""
  },
  {
    "COD_LOCALIDAD": 5397,
    "NOM_LOCALIDAD": "EL QUEBRACHAL",
    "COD_PROVINCIA": "F",
    "FE_ALTA": "2000-06-12T00:00:00",
    "COD_ESTADO": "A",
    "FE_ULT_ACT": "2000-06-12T00:00:00",
    "COD_DDN": ""
  },
  {
    "COD_LOCALIDAD": 5398,
    "NOM_LOCALIDAD": "EL QUEBRACHO",
    "COD_PROVINCIA": "F",
    "FE_ALTA": "2000-06-12T00:00:00",
    "COD_ESTADO": "A",
    "FE_ULT_ACT": "2000-06-12T00:00:00",
    "COD_DDN": ""
  },
  {
    "COD_LOCALIDAD": 5399,
    "NOM_LOCALIDAD": "EL QUEMADO",
    "COD_PROVINCIA": "F",
    "FE_ALTA": "2000-06-12T00:00:00",
    "COD_ESTADO": "A",
    "FE_ULT_ACT": "2000-06-12T00:00:00",
    "COD_DDN": ""
  },
  {
    "COD_LOCALIDAD": 5400,
    "NOM_LOCALIDAD": "EL RETAMO",
    "COD_PROVINCIA": "F",
    "FE_ALTA": "2000-06-12T00:00:00",
    "COD_ESTADO": "A",
    "FE_ULT_ACT": "2000-06-12T00:00:00",
    "COD_DDN": ""
  },
  {
    "COD_LOCALIDAD": 5401,
    "NOM_LOCALIDAD": "EL RETIRO",
    "COD_PROVINCIA": "F",
    "FE_ALTA": "2000-06-12T00:00:00",
    "COD_ESTADO": "A",
    "FE_ULT_ACT": "2000-06-12T00:00:00",
    "COD_DDN": ""
  },
  {
    "COD_LOCALIDAD": 5402,
    "NOM_LOCALIDAD": "EL RODEO",
    "COD_PROVINCIA": "F",
    "FE_ALTA": "2000-06-12T00:00:00",
    "COD_ESTADO": "A",
    "FE_ULT_ACT": "2000-06-12T00:00:00",
    "COD_DDN": ""
  },
  {
    "COD_LOCALIDAD": 5403,
    "NOM_LOCALIDAD": "EL ROSARIO",
    "COD_PROVINCIA": "F",
    "FE_ALTA": "2000-06-12T00:00:00",
    "COD_ESTADO": "A",
    "FE_ULT_ACT": "2000-06-12T00:00:00",
    "COD_DDN": ""
  },
  {
    "COD_LOCALIDAD": 5404,
    "NOM_LOCALIDAD": "EL TALA",
    "COD_PROVINCIA": "F",
    "FE_ALTA": "2000-06-12T00:00:00",
    "COD_ESTADO": "A",
    "FE_ULT_ACT": "2000-06-12T00:00:00",
    "COD_DDN": ""
  },
  {
    "COD_LOCALIDAD": 5405,
    "NOM_LOCALIDAD": "EL VALDECITO",
    "COD_PROVINCIA": "F",
    "FE_ALTA": "2000-06-12T00:00:00",
    "COD_ESTADO": "A",
    "FE_ULT_ACT": "2000-06-12T00:00:00",
    "COD_DDN": ""
  },
  {
    "COD_LOCALIDAD": 5406,
    "NOM_LOCALIDAD": "EL VALLE",
    "COD_PROVINCIA": "F",
    "FE_ALTA": "2000-06-12T00:00:00",
    "COD_ESTADO": "A",
    "FE_ULT_ACT": "2000-06-12T00:00:00",
    "COD_DDN": ""
  },
  {
    "COD_LOCALIDAD": 5407,
    "NOM_LOCALIDAD": "EL VALLECITO",
    "COD_PROVINCIA": "F",
    "FE_ALTA": "2000-06-12T00:00:00",
    "COD_ESTADO": "A",
    "FE_ULT_ACT": "2000-06-12T00:00:00",
    "COD_DDN": ""
  },
  {
    "COD_LOCALIDAD": 5408,
    "NOM_LOCALIDAD": "EL VERDE",
    "COD_PROVINCIA": "F",
    "FE_ALTA": "2000-06-12T00:00:00",
    "COD_ESTADO": "A",
    "FE_ULT_ACT": "2000-06-12T00:00:00",
    "COD_DDN": ""
  },
  {
    "COD_LOCALIDAD": 5409,
    "NOM_LOCALIDAD": "EL ZAPALLAR",
    "COD_PROVINCIA": "F",
    "FE_ALTA": "2000-06-12T00:00:00",
    "COD_ESTADO": "A",
    "FE_ULT_ACT": "2000-06-12T00:00:00",
    "COD_DDN": ""
  },
  {
    "COD_LOCALIDAD": 5410,
    "NOM_LOCALIDAD": "ESPERANZA DE LOS CERRILLOS",
    "COD_PROVINCIA": "F",
    "FE_ALTA": "2000-06-12T00:00:00",
    "COD_ESTADO": "A",
    "FE_ULT_ACT": "2000-06-12T00:00:00",
    "COD_DDN": ""
  },
  {
    "COD_LOCALIDAD": 5411,
    "NOM_LOCALIDAD": "ESQUINA DEL NORTE",
    "COD_PROVINCIA": "F",
    "FE_ALTA": "2000-06-12T00:00:00",
    "COD_ESTADO": "A",
    "FE_ULT_ACT": "2000-06-12T00:00:00",
    "COD_DDN": ""
  },
  {
    "COD_LOCALIDAD": 5412,
    "NOM_LOCALIDAD": "ESQUINA DEL SUD",
    "COD_PROVINCIA": "F",
    "FE_ALTA": "2000-06-12T00:00:00",
    "COD_ESTADO": "A",
    "FE_ULT_ACT": "2000-06-12T00:00:00",
    "COD_DDN": ""
  },
  {
    "COD_LOCALIDAD": 5413,
    "NOM_LOCALIDAD": "ESQUINA GRANDE",
    "COD_PROVINCIA": "F",
    "FE_ALTA": "2000-06-12T00:00:00",
    "COD_ESTADO": "A",
    "FE_ULT_ACT": "2000-06-12T00:00:00",
    "COD_DDN": ""
  },
  {
    "COD_LOCALIDAD": 5414,
    "NOM_LOCALIDAD": "ESTACION MAZAN",
    "COD_PROVINCIA": "F",
    "FE_ALTA": "2000-06-12T00:00:00",
    "COD_ESTADO": "A",
    "FE_ULT_ACT": "2015-01-07T13:36:13.859518",
    "COD_DDN": "3827"
  },
  {
    "COD_LOCALIDAD": 5415,
    "NOM_LOCALIDAD": "ESTACION 69",
    "COD_PROVINCIA": "F",
    "FE_ALTA": "2000-06-12T00:00:00",
    "COD_ESTADO": "A",
    "FE_ULT_ACT": "2000-06-12T00:00:00",
    "COD_DDN": ""
  },
  {
    "COD_LOCALIDAD": 5416,
    "NOM_LOCALIDAD": "ESTANCIA DE MAIZ",
    "COD_PROVINCIA": "F",
    "FE_ALTA": "2000-06-12T00:00:00",
    "COD_ESTADO": "A",
    "FE_ULT_ACT": "2000-06-12T00:00:00",
    "COD_DDN": ""
  },
  {
    "COD_LOCALIDAD": 5417,
    "NOM_LOCALIDAD": "FALDA DE CITAN",
    "COD_PROVINCIA": "F",
    "FE_ALTA": "2000-06-12T00:00:00",
    "COD_ESTADO": "A",
    "FE_ULT_ACT": "2000-06-12T00:00:00",
    "COD_DDN": ""
  },
  {
    "COD_LOCALIDAD": 5418,
    "NOM_LOCALIDAD": "FAMATINA",
    "COD_PROVINCIA": "F",
    "FE_ALTA": "2000-06-12T00:00:00",
    "COD_ESTADO": "A",
    "FE_ULT_ACT": "2015-01-07T13:36:13.859635",
    "COD_DDN": "3825"
  },
  {
    "COD_LOCALIDAD": 5419,
    "NOM_LOCALIDAD": "FLAMENCO",
    "COD_PROVINCIA": "F",
    "FE_ALTA": "2000-06-12T00:00:00",
    "COD_ESTADO": "A",
    "FE_ULT_ACT": "2000-06-12T00:00:00",
    "COD_DDN": ""
  },
  {
    "COD_LOCALIDAD": 5420,
    "NOM_LOCALIDAD": "FRANCISCO ORTIZ DE OCAMPO",
    "COD_PROVINCIA": "F",
    "FE_ALTA": "2000-06-12T00:00:00",
    "COD_ESTADO": "A",
    "FE_ULT_ACT": "2000-06-12T00:00:00",
    "COD_DDN": ""
  },
  {
    "COD_LOCALIDAD": 5421,
    "NOM_LOCALIDAD": "GOBERNADOR GORDILLO",
    "COD_PROVINCIA": "F",
    "FE_ALTA": "2000-06-12T00:00:00",
    "COD_ESTADO": "A",
    "FE_ULT_ACT": "2000-06-12T00:00:00",
    "COD_DDN": ""
  },
  {
    "COD_LOCALIDAD": 5422,
    "NOM_LOCALIDAD": "GUACHIN",
    "COD_PROVINCIA": "F",
    "FE_ALTA": "2000-06-12T00:00:00",
    "COD_ESTADO": "A",
    "FE_ULT_ACT": "2000-06-12T00:00:00",
    "COD_DDN": ""
  },
  {
    "COD_LOCALIDAD": 5423,
    "NOM_LOCALIDAD": "GUANDACOL",
    "COD_PROVINCIA": "F",
    "FE_ALTA": "2000-06-12T00:00:00",
    "COD_ESTADO": "A",
    "FE_ULT_ACT": "2000-06-12T00:00:00",
    "COD_DDN": ""
  },
  {
    "COD_LOCALIDAD": 5424,
    "NOM_LOCALIDAD": "GUAYAPA",
    "COD_PROVINCIA": "F",
    "FE_ALTA": "2000-06-12T00:00:00",
    "COD_ESTADO": "A",
    "FE_ULT_ACT": "2000-06-12T00:00:00",
    "COD_DDN": ""
  },
  {
    "COD_LOCALIDAD": 5425,
    "NOM_LOCALIDAD": "HUACO",
    "COD_PROVINCIA": "F",
    "FE_ALTA": "2000-06-12T00:00:00",
    "COD_ESTADO": "A",
    "FE_ULT_ACT": "2000-06-12T00:00:00",
    "COD_DDN": ""
  },
  {
    "COD_LOCALIDAD": 5426,
    "NOM_LOCALIDAD": "HUAJA",
    "COD_PROVINCIA": "F",
    "FE_ALTA": "2000-06-12T00:00:00",
    "COD_ESTADO": "A",
    "FE_ULT_ACT": "2000-06-12T00:00:00",
    "COD_DDN": ""
  },
  {
    "COD_LOCALIDAD": 5427,
    "NOM_LOCALIDAD": "HUNQUILLAL",
    "COD_PROVINCIA": "F",
    "FE_ALTA": "2000-06-12T00:00:00",
    "COD_ESTADO": "A",
    "FE_ULT_ACT": "2000-06-12T00:00:00",
    "COD_DDN": ""
  },
  {
    "COD_LOCALIDAD": 5428,
    "NOM_LOCALIDAD": "ILIAR",
    "COD_PROVINCIA": "F",
    "FE_ALTA": "2000-06-12T00:00:00",
    "COD_ESTADO": "A",
    "FE_ULT_ACT": "2000-06-12T00:00:00",
    "COD_DDN": ""
  },
  {
    "COD_LOCALIDAD": 5429,
    "NOM_LOCALIDAD": "ILISCO",
    "COD_PROVINCIA": "F",
    "FE_ALTA": "2000-06-12T00:00:00",
    "COD_ESTADO": "A",
    "FE_ULT_ACT": "2000-06-12T00:00:00",
    "COD_DDN": ""
  },
  {
    "COD_LOCALIDAD": 5430,
    "NOM_LOCALIDAD": "ILLISCA",
    "COD_PROVINCIA": "F",
    "FE_ALTA": "2000-06-12T00:00:00",
    "COD_ESTADO": "A",
    "FE_ULT_ACT": "2000-06-12T00:00:00",
    "COD_DDN": ""
  },
  {
    "COD_LOCALIDAD": 5431,
    "NOM_LOCALIDAD": "ISMIANGO",
    "COD_PROVINCIA": "F",
    "FE_ALTA": "2000-06-12T00:00:00",
    "COD_ESTADO": "A",
    "FE_ULT_ACT": "2000-06-12T00:00:00",
    "COD_DDN": ""
  },
  {
    "COD_LOCALIDAD": 5432,
    "NOM_LOCALIDAD": "JAGUE",
    "COD_PROVINCIA": "F",
    "FE_ALTA": "2000-06-12T00:00:00",
    "COD_ESTADO": "A",
    "FE_ULT_ACT": "2000-06-12T00:00:00",
    "COD_DDN": ""
  },
  {
    "COD_LOCALIDAD": 5433,
    "NOM_LOCALIDAD": "JESUS MARIA",
    "COD_PROVINCIA": "F",
    "FE_ALTA": "2000-06-12T00:00:00",
    "COD_ESTADO": "A",
    "FE_ULT_ACT": "2000-06-12T00:00:00",
    "COD_DDN": ""
  },
  {
    "COD_LOCALIDAD": 5434,
    "NOM_LOCALIDAD": "KILOMETRO 619",
    "COD_PROVINCIA": "F",
    "FE_ALTA": "2000-06-12T00:00:00",
    "COD_ESTADO": "A",
    "FE_ULT_ACT": "2000-06-12T00:00:00",
    "COD_DDN": ""
  },
  {
    "COD_LOCALIDAD": 5435,
    "NOM_LOCALIDAD": "KILOMETRO 645",
    "COD_PROVINCIA": "F",
    "FE_ALTA": "2000-06-12T00:00:00",
    "COD_ESTADO": "A",
    "FE_ULT_ACT": "2000-06-12T00:00:00",
    "COD_DDN": ""
  },
  {
    "COD_LOCALIDAD": 5436,
    "NOM_LOCALIDAD": "KILOMETRO 682",
    "COD_PROVINCIA": "F",
    "FE_ALTA": "2000-06-12T00:00:00",
    "COD_ESTADO": "A",
    "FE_ULT_ACT": "2000-06-12T00:00:00",
    "COD_DDN": ""
  },
  {
    "COD_LOCALIDAD": 5437,
    "NOM_LOCALIDAD": "KILOMETRO 732",
    "COD_PROVINCIA": "F",
    "FE_ALTA": "2000-06-12T00:00:00",
    "COD_ESTADO": "A",
    "FE_ULT_ACT": "2000-06-12T00:00:00",
    "COD_DDN": ""
  },
  {
    "COD_LOCALIDAD": 5438,
    "NOM_LOCALIDAD": "KILOMETRO 861",
    "COD_PROVINCIA": "F",
    "FE_ALTA": "2000-06-12T00:00:00",
    "COD_ESTADO": "A",
    "FE_ULT_ACT": "2000-06-12T00:00:00",
    "COD_DDN": ""
  },
  {
    "COD_LOCALIDAD": 5439,
    "NOM_LOCALIDAD": "KILOMETRO 875",
    "COD_PROVINCIA": "F",
    "FE_ALTA": "2000-06-12T00:00:00",
    "COD_ESTADO": "A",
    "FE_ULT_ACT": "2000-06-12T00:00:00",
    "COD_DDN": ""
  },
  {
    "COD_LOCALIDAD": 5440,
    "NOM_LOCALIDAD": "KILOMETRO 891",
    "COD_PROVINCIA": "F",
    "FE_ALTA": "2000-06-12T00:00:00",
    "COD_ESTADO": "A",
    "FE_ULT_ACT": "2000-06-12T00:00:00",
    "COD_DDN": ""
  },
  {
    "COD_LOCALIDAD": 5441,
    "NOM_LOCALIDAD": "KILOMETRO 921",
    "COD_PROVINCIA": "F",
    "FE_ALTA": "2000-06-12T00:00:00",
    "COD_ESTADO": "A",
    "FE_ULT_ACT": "2000-06-12T00:00:00",
    "COD_DDN": ""
  },
  {
    "COD_LOCALIDAD": 5442,
    "NOM_LOCALIDAD": "LA AGUADA",
    "COD_PROVINCIA": "F",
    "FE_ALTA": "2000-06-12T00:00:00",
    "COD_ESTADO": "A",
    "FE_ULT_ACT": "2000-06-12T00:00:00",
    "COD_DDN": ""
  },
  {
    "COD_LOCALIDAD": 5443,
    "NOM_LOCALIDAD": "LA AGUADITA",
    "COD_PROVINCIA": "F",
    "FE_ALTA": "2000-06-12T00:00:00",
    "COD_ESTADO": "A",
    "FE_ULT_ACT": "2000-06-12T00:00:00",
    "COD_DDN": ""
  },
  {
    "COD_LOCALIDAD": 5444,
    "NOM_LOCALIDAD": "LA AMERICA",
    "COD_PROVINCIA": "F",
    "FE_ALTA": "2000-06-12T00:00:00",
    "COD_ESTADO": "A",
    "FE_ULT_ACT": "2000-06-12T00:00:00",
    "COD_DDN": ""
  },
  {
    "COD_LOCALIDAD": 5445,
    "NOM_LOCALIDAD": "LA ANTIGUA",
    "COD_PROVINCIA": "F",
    "FE_ALTA": "2000-06-12T00:00:00",
    "COD_ESTADO": "A",
    "FE_ULT_ACT": "2000-06-12T00:00:00",
    "COD_DDN": ""
  },
  {
    "COD_LOCALIDAD": 5446,
    "NOM_LOCALIDAD": "LA ARMONIA",
    "COD_PROVINCIA": "F",
    "FE_ALTA": "2000-06-12T00:00:00",
    "COD_ESTADO": "A",
    "FE_ULT_ACT": "2000-06-12T00:00:00",
    "COD_DDN": ""
  },
  {
    "COD_LOCALIDAD": 5447,
    "NOM_LOCALIDAD": "LA BANDA",
    "COD_PROVINCIA": "F",
    "FE_ALTA": "2000-06-12T00:00:00",
    "COD_ESTADO": "A",
    "FE_ULT_ACT": "2000-06-12T00:00:00",
    "COD_DDN": ""
  },
  {
    "COD_LOCALIDAD": 5448,
    "NOM_LOCALIDAD": "LA BUENA ESTRELLA",
    "COD_PROVINCIA": "F",
    "FE_ALTA": "2000-06-12T00:00:00",
    "COD_ESTADO": "A",
    "FE_ULT_ACT": "2000-06-12T00:00:00",
    "COD_DDN": ""
  },
  {
    "COD_LOCALIDAD": 5449,
    "NOM_LOCALIDAD": "LA BUENA SUERTE",
    "COD_PROVINCIA": "F",
    "FE_ALTA": "2000-06-12T00:00:00",
    "COD_ESTADO": "A",
    "FE_ULT_ACT": "2000-06-12T00:00:00",
    "COD_DDN": ""
  },
  {
    "COD_LOCALIDAD": 5450,
    "NOM_LOCALIDAD": "LA CALERA",
    "COD_PROVINCIA": "F",
    "FE_ALTA": "2000-06-12T00:00:00",
    "COD_ESTADO": "A",
    "FE_ULT_ACT": "2000-06-12T00:00:00",
    "COD_DDN": ""
  },
  {
    "COD_LOCALIDAD": 5451,
    "NOM_LOCALIDAD": "LA CALLANA",
    "COD_PROVINCIA": "F",
    "FE_ALTA": "2000-06-12T00:00:00",
    "COD_ESTADO": "A",
    "FE_ULT_ACT": "2000-06-12T00:00:00",
    "COD_DDN": ""
  },
  {
    "COD_LOCALIDAD": 5452,
    "NOM_LOCALIDAD": "LA CARRIZANA",
    "COD_PROVINCIA": "F",
    "FE_ALTA": "2000-06-12T00:00:00",
    "COD_ESTADO": "A",
    "FE_ULT_ACT": "2000-06-12T00:00:00",
    "COD_DDN": ""
  },
  {
    "COD_LOCALIDAD": 5453,
    "NOM_LOCALIDAD": "LA CHILCA",
    "COD_PROVINCIA": "F",
    "FE_ALTA": "2000-06-12T00:00:00",
    "COD_ESTADO": "A",
    "FE_ULT_ACT": "2000-06-12T00:00:00",
    "COD_DDN": ""
  },
  {
    "COD_LOCALIDAD": 5454,
    "NOM_LOCALIDAD": "LA CHIMENEA",
    "COD_PROVINCIA": "F",
    "FE_ALTA": "2000-06-12T00:00:00",
    "COD_ESTADO": "A",
    "FE_ULT_ACT": "2000-06-12T00:00:00",
    "COD_DDN": ""
  },
  {
    "COD_LOCALIDAD": 5455,
    "NOM_LOCALIDAD": "LA CIENAGA",
    "COD_PROVINCIA": "F",
    "FE_ALTA": "2000-06-12T00:00:00",
    "COD_ESTADO": "A",
    "FE_ULT_ACT": "2000-06-12T00:00:00",
    "COD_DDN": ""
  },
  {
    "COD_LOCALIDAD": 5456,
    "NOM_LOCALIDAD": "LA CONSULTA",
    "COD_PROVINCIA": "F",
    "FE_ALTA": "2000-06-12T00:00:00",
    "COD_ESTADO": "A",
    "FE_ULT_ACT": "2000-06-12T00:00:00",
    "COD_DDN": ""
  },
  {
    "COD_LOCALIDAD": 5457,
    "NOM_LOCALIDAD": "LA CUADRA",
    "COD_PROVINCIA": "F",
    "FE_ALTA": "2000-06-12T00:00:00",
    "COD_ESTADO": "A",
    "FE_ULT_ACT": "2015-01-07T13:36:13.859741",
    "COD_DDN": "3825"
  },
  {
    "COD_LOCALIDAD": 5458,
    "NOM_LOCALIDAD": "LA DORA",
    "COD_PROVINCIA": "F",
    "FE_ALTA": "2000-06-12T00:00:00",
    "COD_ESTADO": "A",
    "FE_ULT_ACT": "2000-06-12T00:00:00",
    "COD_DDN": ""
  },
  {
    "COD_LOCALIDAD": 5459,
    "NOM_LOCALIDAD": "LA ENVIDIA",
    "COD_PROVINCIA": "F",
    "FE_ALTA": "2000-06-12T00:00:00",
    "COD_ESTADO": "A",
    "FE_ULT_ACT": "2000-06-12T00:00:00",
    "COD_DDN": ""
  },
  {
    "COD_LOCALIDAD": 5460,
    "NOM_LOCALIDAD": "LA ESCONDIDA",
    "COD_PROVINCIA": "F",
    "FE_ALTA": "2000-06-12T00:00:00",
    "COD_ESTADO": "A",
    "FE_ULT_ACT": "2000-06-12T00:00:00",
    "COD_DDN": ""
  },
  {
    "COD_LOCALIDAD": 5461,
    "NOM_LOCALIDAD": "LA ESPERANZA",
    "COD_PROVINCIA": "F",
    "FE_ALTA": "2000-06-12T00:00:00",
    "COD_ESTADO": "A",
    "FE_ULT_ACT": "2000-06-12T00:00:00",
    "COD_DDN": ""
  },
  {
    "COD_LOCALIDAD": 5462,
    "NOM_LOCALIDAD": "LA ESQUINA",
    "COD_PROVINCIA": "F",
    "FE_ALTA": "2000-06-12T00:00:00",
    "COD_ESTADO": "A",
    "FE_ULT_ACT": "2000-06-12T00:00:00",
    "COD_DDN": ""
  },
  {
    "COD_LOCALIDAD": 5463,
    "NOM_LOCALIDAD": "LA FLOR",
    "COD_PROVINCIA": "F",
    "FE_ALTA": "2000-06-12T00:00:00",
    "COD_ESTADO": "A",
    "FE_ULT_ACT": "2000-06-12T00:00:00",
    "COD_DDN": ""
  },
  {
    "COD_LOCALIDAD": 5464,
    "NOM_LOCALIDAD": "LA FLORIDA",
    "COD_PROVINCIA": "F",
    "FE_ALTA": "2000-06-12T00:00:00",
    "COD_ESTADO": "A",
    "FE_ULT_ACT": "2000-06-12T00:00:00",
    "COD_DDN": ""
  },
  {
    "COD_LOCALIDAD": 5465,
    "NOM_LOCALIDAD": "LA HIGUERA",
    "COD_PROVINCIA": "F",
    "FE_ALTA": "2000-06-12T00:00:00",
    "COD_ESTADO": "A",
    "FE_ULT_ACT": "2000-06-12T00:00:00",
    "COD_DDN": ""
  },
  {
    "COD_LOCALIDAD": 5466,
    "NOM_LOCALIDAD": "LA HUERTA",
    "COD_PROVINCIA": "F",
    "FE_ALTA": "2000-06-12T00:00:00",
    "COD_ESTADO": "A",
    "FE_ULT_ACT": "2000-06-12T00:00:00",
    "COD_DDN": ""
  },
  {
    "COD_LOCALIDAD": 5467,
    "NOM_LOCALIDAD": "LA IGUALDAD",
    "COD_PROVINCIA": "F",
    "FE_ALTA": "2000-06-12T00:00:00",
    "COD_ESTADO": "A",
    "FE_ULT_ACT": "2000-06-12T00:00:00",
    "COD_DDN": ""
  },
  {
    "COD_LOCALIDAD": 5468,
    "NOM_LOCALIDAD": "LA INVERNADA",
    "COD_PROVINCIA": "F",
    "FE_ALTA": "2000-06-12T00:00:00",
    "COD_ESTADO": "A",
    "FE_ULT_ACT": "2000-06-12T00:00:00",
    "COD_DDN": ""
  },
  {
    "COD_LOCALIDAD": 5469,
    "NOM_LOCALIDAD": "LA ISLA",
    "COD_PROVINCIA": "F",
    "FE_ALTA": "2000-06-12T00:00:00",
    "COD_ESTADO": "A",
    "FE_ULT_ACT": "2000-06-12T00:00:00",
    "COD_DDN": ""
  },
  {
    "COD_LOCALIDAD": 5470,
    "NOM_LOCALIDAD": "LA JARILLA",
    "COD_PROVINCIA": "F",
    "FE_ALTA": "2000-06-12T00:00:00",
    "COD_ESTADO": "A",
    "FE_ULT_ACT": "2000-06-12T00:00:00",
    "COD_DDN": ""
  },
  {
    "COD_LOCALIDAD": 5471,
    "NOM_LOCALIDAD": "LA LAGUNA",
    "COD_PROVINCIA": "F",
    "FE_ALTA": "2000-06-12T00:00:00",
    "COD_ESTADO": "A",
    "FE_ULT_ACT": "2000-06-12T00:00:00",
    "COD_DDN": ""
  },
  {
    "COD_LOCALIDAD": 5472,
    "NOM_LOCALIDAD": "LA LANCHA",
    "COD_PROVINCIA": "F",
    "FE_ALTA": "2000-06-12T00:00:00",
    "COD_ESTADO": "A",
    "FE_ULT_ACT": "2000-06-12T00:00:00",
    "COD_DDN": ""
  },
  {
    "COD_LOCALIDAD": 5473,
    "NOM_LOCALIDAD": "LA LATA",
    "COD_PROVINCIA": "F",
    "FE_ALTA": "2000-06-12T00:00:00",
    "COD_ESTADO": "A",
    "FE_ULT_ACT": "2000-06-12T00:00:00",
    "COD_DDN": ""
  },
  {
    "COD_LOCALIDAD": 5474,
    "NOM_LOCALIDAD": "LA LIBERTAD",
    "COD_PROVINCIA": "F",
    "FE_ALTA": "2000-06-12T00:00:00",
    "COD_ESTADO": "A",
    "FE_ULT_ACT": "2000-06-12T00:00:00",
    "COD_DDN": ""
  },
  {
    "COD_LOCALIDAD": 5475,
    "NOM_LOCALIDAD": "LA LOMITA",
    "COD_PROVINCIA": "F",
    "FE_ALTA": "2000-06-12T00:00:00",
    "COD_ESTADO": "A",
    "FE_ULT_ACT": "2000-06-12T00:00:00",
    "COD_DDN": ""
  },
  {
    "COD_LOCALIDAD": 5476,
    "NOM_LOCALIDAD": "LA MARAVILLA",
    "COD_PROVINCIA": "F",
    "FE_ALTA": "2000-06-12T00:00:00",
    "COD_ESTADO": "A",
    "FE_ULT_ACT": "2000-06-12T00:00:00",
    "COD_DDN": ""
  },
  {
    "COD_LOCALIDAD": 5477,
    "NOM_LOCALIDAD": "LA MERCED",
    "COD_PROVINCIA": "F",
    "FE_ALTA": "2000-06-12T00:00:00",
    "COD_ESTADO": "A",
    "FE_ULT_ACT": "2000-06-12T00:00:00",
    "COD_DDN": ""
  },
  {
    "COD_LOCALIDAD": 5478,
    "NOM_LOCALIDAD": "LA PAMPA",
    "COD_PROVINCIA": "F",
    "FE_ALTA": "2000-06-12T00:00:00",
    "COD_ESTADO": "A",
    "FE_ULT_ACT": "2000-06-12T00:00:00",
    "COD_DDN": ""
  },
  {
    "COD_LOCALIDAD": 5479,
    "NOM_LOCALIDAD": "LA PERLITA",
    "COD_PROVINCIA": "F",
    "FE_ALTA": "2000-06-12T00:00:00",
    "COD_ESTADO": "A",
    "FE_ULT_ACT": "2000-06-12T00:00:00",
    "COD_DDN": ""
  },
  {
    "COD_LOCALIDAD": 5480,
    "NOM_LOCALIDAD": "LA PINTADA",
    "COD_PROVINCIA": "F",
    "FE_ALTA": "2000-06-12T00:00:00",
    "COD_ESTADO": "A",
    "FE_ULT_ACT": "2000-06-12T00:00:00",
    "COD_DDN": ""
  },
  {
    "COD_LOCALIDAD": 5481,
    "NOM_LOCALIDAD": "LA PIRGUA",
    "COD_PROVINCIA": "F",
    "FE_ALTA": "2000-06-12T00:00:00",
    "COD_ESTADO": "A",
    "FE_ULT_ACT": "2000-06-12T00:00:00",
    "COD_DDN": ""
  },
  {
    "COD_LOCALIDAD": 5482,
    "NOM_LOCALIDAD": "LA PLAZA",
    "COD_PROVINCIA": "F",
    "FE_ALTA": "2000-06-12T00:00:00",
    "COD_ESTADO": "A",
    "FE_ULT_ACT": "2000-06-12T00:00:00",
    "COD_DDN": ""
  },
  {
    "COD_LOCALIDAD": 5483,
    "NOM_LOCALIDAD": "LA PRIMAVERA",
    "COD_PROVINCIA": "F",
    "FE_ALTA": "2000-06-12T00:00:00",
    "COD_ESTADO": "A",
    "FE_ULT_ACT": "2000-06-12T00:00:00",
    "COD_DDN": ""
  },
  {
    "COD_LOCALIDAD": 5484,
    "NOM_LOCALIDAD": "LA PUNTILLA",
    "COD_PROVINCIA": "F",
    "FE_ALTA": "2000-06-12T00:00:00",
    "COD_ESTADO": "A",
    "FE_ULT_ACT": "2015-01-07T13:36:13.859846",
    "COD_DDN": "3825"
  },
  {
    "COD_LOCALIDAD": 5485,
    "NOM_LOCALIDAD": "LA RAMADITA",
    "COD_PROVINCIA": "F",
    "FE_ALTA": "2000-06-12T00:00:00",
    "COD_ESTADO": "A",
    "FE_ULT_ACT": "2000-06-12T00:00:00",
    "COD_DDN": ""
  },
  {
    "COD_LOCALIDAD": 5486,
    "NOM_LOCALIDAD": "LA REFORMA",
    "COD_PROVINCIA": "F",
    "FE_ALTA": "2000-06-12T00:00:00",
    "COD_ESTADO": "A",
    "FE_ULT_ACT": "2000-06-12T00:00:00",
    "COD_DDN": ""
  },
  {
    "COD_LOCALIDAD": 5487,
    "NOM_LOCALIDAD": "LA REPRESA",
    "COD_PROVINCIA": "F",
    "FE_ALTA": "2000-06-12T00:00:00",
    "COD_ESTADO": "A",
    "FE_ULT_ACT": "2000-06-12T00:00:00",
    "COD_DDN": ""
  },
  {
    "COD_LOCALIDAD": 5488,
    "NOM_LOCALIDAD": "LA RIOJA",
    "COD_PROVINCIA": "F",
    "FE_ALTA": "2000-06-12T00:00:00",
    "COD_ESTADO": "A",
    "FE_ULT_ACT": "2015-01-07T13:36:13.859974",
    "COD_DDN": "0380"
  },
  {
    "COD_LOCALIDAD": 5489,
    "NOM_LOCALIDAD": "LA ROSILLA",
    "COD_PROVINCIA": "F",
    "FE_ALTA": "2000-06-12T00:00:00",
    "COD_ESTADO": "A",
    "FE_ULT_ACT": "2000-06-12T00:00:00",
    "COD_DDN": ""
  },
  {
    "COD_LOCALIDAD": 5490,
    "NOM_LOCALIDAD": "LA SERENA",
    "COD_PROVINCIA": "F",
    "FE_ALTA": "2000-06-12T00:00:00",
    "COD_ESTADO": "A",
    "FE_ULT_ACT": "2000-06-12T00:00:00",
    "COD_DDN": ""
  },
  {
    "COD_LOCALIDAD": 5491,
    "NOM_LOCALIDAD": "LA TORDILLA",
    "COD_PROVINCIA": "F",
    "FE_ALTA": "2000-06-12T00:00:00",
    "COD_ESTADO": "A",
    "FE_ULT_ACT": "2000-06-12T00:00:00",
    "COD_DDN": ""
  },
  {
    "COD_LOCALIDAD": 5492,
    "NOM_LOCALIDAD": "LA TORRE",
    "COD_PROVINCIA": "F",
    "FE_ALTA": "2000-06-12T00:00:00",
    "COD_ESTADO": "A",
    "FE_ULT_ACT": "2000-06-12T00:00:00",
    "COD_DDN": ""
  },
  {
    "COD_LOCALIDAD": 5493,
    "NOM_LOCALIDAD": "LA TRAMPA",
    "COD_PROVINCIA": "F",
    "FE_ALTA": "2000-06-12T00:00:00",
    "COD_ESTADO": "A",
    "FE_ULT_ACT": "2000-06-12T00:00:00",
    "COD_DDN": ""
  },
  {
    "COD_LOCALIDAD": 5494,
    "NOM_LOCALIDAD": "LA YESERA",
    "COD_PROVINCIA": "F",
    "FE_ALTA": "2000-06-12T00:00:00",
    "COD_ESTADO": "A",
    "FE_ULT_ACT": "2000-06-12T00:00:00",
    "COD_DDN": ""
  },
  {
    "COD_LOCALIDAD": 5495,
    "NOM_LOCALIDAD": "LA ZANJA",
    "COD_PROVINCIA": "F",
    "FE_ALTA": "2000-06-12T00:00:00",
    "COD_ESTADO": "A",
    "FE_ULT_ACT": "2000-06-12T00:00:00",
    "COD_DDN": ""
  },
  {
    "COD_LOCALIDAD": 5496,
    "NOM_LOCALIDAD": "LAS AGUADITAS",
    "COD_PROVINCIA": "F",
    "FE_ALTA": "2000-06-12T00:00:00",
    "COD_ESTADO": "A",
    "FE_ULT_ACT": "2000-06-12T00:00:00",
    "COD_DDN": ""
  },
  {
    "COD_LOCALIDAD": 5497,
    "NOM_LOCALIDAD": "LAS BARRANCAS",
    "COD_PROVINCIA": "F",
    "FE_ALTA": "2000-06-12T00:00:00",
    "COD_ESTADO": "A",
    "FE_ULT_ACT": "2000-06-12T00:00:00",
    "COD_DDN": ""
  },
  {
    "COD_LOCALIDAD": 5498,
    "NOM_LOCALIDAD": "LAS BOMBAS",
    "COD_PROVINCIA": "F",
    "FE_ALTA": "2000-06-12T00:00:00",
    "COD_ESTADO": "A",
    "FE_ULT_ACT": "2000-06-12T00:00:00",
    "COD_DDN": ""
  },
  {
    "COD_LOCALIDAD": 5499,
    "NOM_LOCALIDAD": "LAS CATAS",
    "COD_PROVINCIA": "F",
    "FE_ALTA": "2000-06-12T00:00:00",
    "COD_ESTADO": "A",
    "FE_ULT_ACT": "2000-06-12T00:00:00",
    "COD_DDN": ""
  },
  {
    "COD_LOCALIDAD": 5500,
    "NOM_LOCALIDAD": "LAS CAÑAS",
    "COD_PROVINCIA": "F",
    "FE_ALTA": "2000-06-12T00:00:00",
    "COD_ESTADO": "A",
    "FE_ULT_ACT": "2000-06-12T00:00:00",
    "COD_DDN": ""
  },
  {
    "COD_LOCALIDAD": 5501,
    "NOM_LOCALIDAD": "LAS GREDAS",
    "COD_PROVINCIA": "F",
    "FE_ALTA": "2000-06-12T00:00:00",
    "COD_ESTADO": "A",
    "FE_ULT_ACT": "2000-06-12T00:00:00",
    "COD_DDN": ""
  },
  {
    "COD_LOCALIDAD": 5502,
    "NOM_LOCALIDAD": "LAS HIGUERAS",
    "COD_PROVINCIA": "F",
    "FE_ALTA": "2000-06-12T00:00:00",
    "COD_ESTADO": "A",
    "FE_ULT_ACT": "2000-06-12T00:00:00",
    "COD_DDN": ""
  },
  {
    "COD_LOCALIDAD": 5503,
    "NOM_LOCALIDAD": "LAS HIGUERILLAS",
    "COD_PROVINCIA": "F",
    "FE_ALTA": "2000-06-12T00:00:00",
    "COD_ESTADO": "A",
    "FE_ULT_ACT": "2000-06-12T00:00:00",
    "COD_DDN": ""
  },
  {
    "COD_LOCALIDAD": 5504,
    "NOM_LOCALIDAD": "LAS PADERCITAS",
    "COD_PROVINCIA": "F",
    "FE_ALTA": "2000-06-12T00:00:00",
    "COD_ESTADO": "A",
    "FE_ULT_ACT": "2000-06-12T00:00:00",
    "COD_DDN": ""
  },
  {
    "COD_LOCALIDAD": 5505,
    "NOM_LOCALIDAD": "LAS PALOMAS",
    "COD_PROVINCIA": "F",
    "FE_ALTA": "2000-06-12T00:00:00",
    "COD_ESTADO": "A",
    "FE_ULT_ACT": "2000-06-12T00:00:00",
    "COD_DDN": ""
  },
  {
    "COD_LOCALIDAD": 5506,
    "NOM_LOCALIDAD": "LAS PEÑAS",
    "COD_PROVINCIA": "F",
    "FE_ALTA": "2000-06-12T00:00:00",
    "COD_ESTADO": "A",
    "FE_ULT_ACT": "2000-06-12T00:00:00",
    "COD_DDN": ""
  },
  {
    "COD_LOCALIDAD": 5507,
    "NOM_LOCALIDAD": "LAS SALINAS",
    "COD_PROVINCIA": "F",
    "FE_ALTA": "2000-06-12T00:00:00",
    "COD_ESTADO": "A",
    "FE_ULT_ACT": "2000-06-12T00:00:00",
    "COD_DDN": ""
  },
  {
    "COD_LOCALIDAD": 5508,
    "NOM_LOCALIDAD": "LAS SIERRAS BRAVAS",
    "COD_PROVINCIA": "F",
    "FE_ALTA": "2000-06-12T00:00:00",
    "COD_ESTADO": "A",
    "FE_ULT_ACT": "2000-06-12T00:00:00",
    "COD_DDN": ""
  },
  {
    "COD_LOCALIDAD": 5509,
    "NOM_LOCALIDAD": "LAS TALAS",
    "COD_PROVINCIA": "F",
    "FE_ALTA": "2000-06-12T00:00:00",
    "COD_ESTADO": "A",
    "FE_ULT_ACT": "2000-06-12T00:00:00",
    "COD_DDN": ""
  },
  {
    "COD_LOCALIDAD": 5510,
    "NOM_LOCALIDAD": "LAS TOSCAS",
    "COD_PROVINCIA": "F",
    "FE_ALTA": "2000-06-12T00:00:00",
    "COD_ESTADO": "A",
    "FE_ULT_ACT": "2000-06-12T00:00:00",
    "COD_DDN": ""
  },
  {
    "COD_LOCALIDAD": 5511,
    "NOM_LOCALIDAD": "LAS TUCUMANESAS",
    "COD_PROVINCIA": "F",
    "FE_ALTA": "2000-06-12T00:00:00",
    "COD_ESTADO": "A",
    "FE_ULT_ACT": "2000-06-12T00:00:00",
    "COD_DDN": ""
  },
  {
    "COD_LOCALIDAD": 5512,
    "NOM_LOCALIDAD": "LAS TUSCAS",
    "COD_PROVINCIA": "F",
    "FE_ALTA": "2000-06-12T00:00:00",
    "COD_ESTADO": "A",
    "FE_ULT_ACT": "2000-06-12T00:00:00",
    "COD_DDN": ""
  },
  {
    "COD_LOCALIDAD": 5513,
    "NOM_LOCALIDAD": "LAS VERTIENTES",
    "COD_PROVINCIA": "F",
    "FE_ALTA": "2000-06-12T00:00:00",
    "COD_ESTADO": "A",
    "FE_ULT_ACT": "2000-06-12T00:00:00",
    "COD_DDN": ""
  },
  {
    "COD_LOCALIDAD": 5514,
    "NOM_LOCALIDAD": "LOMA BLANCA",
    "COD_PROVINCIA": "F",
    "FE_ALTA": "2000-06-12T00:00:00",
    "COD_ESTADO": "A",
    "FE_ULT_ACT": "2015-01-07T13:36:13.8601",
    "COD_DDN": "3826"
  },
  {
    "COD_LOCALIDAD": 5515,
    "NOM_LOCALIDAD": "LOMA LARGA",
    "COD_PROVINCIA": "F",
    "FE_ALTA": "2000-06-12T00:00:00",
    "COD_ESTADO": "A",
    "FE_ULT_ACT": "2000-06-12T00:00:00",
    "COD_DDN": ""
  },
  {
    "COD_LOCALIDAD": 5516,
    "NOM_LOCALIDAD": "LOROHUASI",
    "COD_PROVINCIA": "F",
    "FE_ALTA": "2000-06-12T00:00:00",
    "COD_ESTADO": "A",
    "FE_ULT_ACT": "2000-06-12T00:00:00",
    "COD_DDN": ""
  },
  {
    "COD_LOCALIDAD": 5517,
    "NOM_LOCALIDAD": "LOS AGUIRRES",
    "COD_PROVINCIA": "F",
    "FE_ALTA": "2000-06-12T00:00:00",
    "COD_ESTADO": "A",
    "FE_ULT_ACT": "2000-06-12T00:00:00",
    "COD_DDN": ""
  },
  {
    "COD_LOCALIDAD": 5518,
    "NOM_LOCALIDAD": "LOS ALANICES",
    "COD_PROVINCIA": "F",
    "FE_ALTA": "2000-06-12T00:00:00",
    "COD_ESTADO": "A",
    "FE_ULT_ACT": "2000-06-12T00:00:00",
    "COD_DDN": ""
  },
  {
    "COD_LOCALIDAD": 5519,
    "NOM_LOCALIDAD": "LOS ALGARROBOS",
    "COD_PROVINCIA": "F",
    "FE_ALTA": "2000-06-12T00:00:00",
    "COD_ESTADO": "A",
    "FE_ULT_ACT": "2000-06-12T00:00:00",
    "COD_DDN": ""
  },
  {
    "COD_LOCALIDAD": 5520,
    "NOM_LOCALIDAD": "LOS BALDECITOS",
    "COD_PROVINCIA": "F",
    "FE_ALTA": "2000-06-12T00:00:00",
    "COD_ESTADO": "A",
    "FE_ULT_ACT": "2000-06-12T00:00:00",
    "COD_DDN": ""
  },
  {
    "COD_LOCALIDAD": 5521,
    "NOM_LOCALIDAD": "LOS BALDES",
    "COD_PROVINCIA": "F",
    "FE_ALTA": "2000-06-12T00:00:00",
    "COD_ESTADO": "A",
    "FE_ULT_ACT": "2000-06-12T00:00:00",
    "COD_DDN": ""
  },
  {
    "COD_LOCALIDAD": 5522,
    "NOM_LOCALIDAD": "LOS BARRIACITOS",
    "COD_PROVINCIA": "F",
    "FE_ALTA": "2000-06-12T00:00:00",
    "COD_ESTADO": "A",
    "FE_ULT_ACT": "2000-06-12T00:00:00",
    "COD_DDN": ""
  },
  {
    "COD_LOCALIDAD": 5523,
    "NOM_LOCALIDAD": "LOS BARRIALITOS",
    "COD_PROVINCIA": "F",
    "FE_ALTA": "2000-06-12T00:00:00",
    "COD_ESTADO": "A",
    "FE_ULT_ACT": "2000-06-12T00:00:00",
    "COD_DDN": ""
  },
  {
    "COD_LOCALIDAD": 5524,
    "NOM_LOCALIDAD": "LOS BORDOS",
    "COD_PROVINCIA": "F",
    "FE_ALTA": "2000-06-12T00:00:00",
    "COD_ESTADO": "A",
    "FE_ULT_ACT": "2000-06-12T00:00:00",
    "COD_DDN": ""
  },
  {
    "COD_LOCALIDAD": 5525,
    "NOM_LOCALIDAD": "LOS CERRILLOS",
    "COD_PROVINCIA": "F",
    "FE_ALTA": "2000-06-12T00:00:00",
    "COD_ESTADO": "A",
    "FE_ULT_ACT": "2000-06-12T00:00:00",
    "COD_DDN": ""
  },
  {
    "COD_LOCALIDAD": 5526,
    "NOM_LOCALIDAD": "LOS COLORADOS",
    "COD_PROVINCIA": "F",
    "FE_ALTA": "2000-06-12T00:00:00",
    "COD_ESTADO": "A",
    "FE_ULT_ACT": "2000-06-12T00:00:00",
    "COD_DDN": ""
  },
  {
    "COD_LOCALIDAD": 5527,
    "NOM_LOCALIDAD": "LOS CORIAS",
    "COD_PROVINCIA": "F",
    "FE_ALTA": "2000-06-12T00:00:00",
    "COD_ESTADO": "A",
    "FE_ULT_ACT": "2000-06-12T00:00:00",
    "COD_DDN": ""
  },
  {
    "COD_LOCALIDAD": 5528,
    "NOM_LOCALIDAD": "LOS CORRALES",
    "COD_PROVINCIA": "F",
    "FE_ALTA": "2000-06-12T00:00:00",
    "COD_ESTADO": "A",
    "FE_ULT_ACT": "2000-06-12T00:00:00",
    "COD_DDN": ""
  },
  {
    "COD_LOCALIDAD": 5529,
    "NOM_LOCALIDAD": "LOS FRANCES",
    "COD_PROVINCIA": "F",
    "FE_ALTA": "2000-06-12T00:00:00",
    "COD_ESTADO": "A",
    "FE_ULT_ACT": "2000-06-12T00:00:00",
    "COD_DDN": ""
  },
  {
    "COD_LOCALIDAD": 5530,
    "NOM_LOCALIDAD": "LOS MISTOLES",
    "COD_PROVINCIA": "F",
    "FE_ALTA": "2000-06-12T00:00:00",
    "COD_ESTADO": "A",
    "FE_ULT_ACT": "2000-06-12T00:00:00",
    "COD_DDN": ""
  },
  {
    "COD_LOCALIDAD": 5531,
    "NOM_LOCALIDAD": "LOS MOGOTES COLORADOS",
    "COD_PROVINCIA": "F",
    "FE_ALTA": "2000-06-12T00:00:00",
    "COD_ESTADO": "A",
    "FE_ULT_ACT": "2000-06-12T00:00:00",
    "COD_DDN": ""
  },
  {
    "COD_LOCALIDAD": 5532,
    "NOM_LOCALIDAD": "LOS MOLINOS",
    "COD_PROVINCIA": "F",
    "FE_ALTA": "2000-06-12T00:00:00",
    "COD_ESTADO": "A",
    "FE_ULT_ACT": "2015-01-07T13:36:13.86021",
    "COD_DDN": "3827"
  },
  {
    "COD_LOCALIDAD": 5533,
    "NOM_LOCALIDAD": "LOS NACIMIENTOS",
    "COD_PROVINCIA": "F",
    "FE_ALTA": "2000-06-12T00:00:00",
    "COD_ESTADO": "A",
    "FE_ULT_ACT": "2000-06-12T00:00:00",
    "COD_DDN": ""
  },
  {
    "COD_LOCALIDAD": 5534,
    "NOM_LOCALIDAD": "LOS OLIVARES",
    "COD_PROVINCIA": "F",
    "FE_ALTA": "2000-06-12T00:00:00",
    "COD_ESTADO": "A",
    "FE_ULT_ACT": "2000-06-12T00:00:00",
    "COD_DDN": ""
  },
  {
    "COD_LOCALIDAD": 5535,
    "NOM_LOCALIDAD": "LOS OLMOS",
    "COD_PROVINCIA": "F",
    "FE_ALTA": "2000-06-12T00:00:00",
    "COD_ESTADO": "A",
    "FE_ULT_ACT": "2000-06-12T00:00:00",
    "COD_DDN": ""
  },
  {
    "COD_LOCALIDAD": 5536,
    "NOM_LOCALIDAD": "LOS OROS",
    "COD_PROVINCIA": "F",
    "FE_ALTA": "2000-06-12T00:00:00",
    "COD_ESTADO": "A",
    "FE_ULT_ACT": "2000-06-12T00:00:00",
    "COD_DDN": ""
  },
  {
    "COD_LOCALIDAD": 5537,
    "NOM_LOCALIDAD": "LOS PALACIOS",
    "COD_PROVINCIA": "F",
    "FE_ALTA": "2000-06-12T00:00:00",
    "COD_ESTADO": "A",
    "FE_ULT_ACT": "2015-01-07T13:36:13.860335",
    "COD_DDN": "3825"
  },
  {
    "COD_LOCALIDAD": 5538,
    "NOM_LOCALIDAD": "LOS ROBLES",
    "COD_PROVINCIA": "F",
    "FE_ALTA": "2000-06-12T00:00:00",
    "COD_ESTADO": "A",
    "FE_ULT_ACT": "2015-01-07T13:36:13.860481",
    "COD_DDN": "3827"
  },
  {
    "COD_LOCALIDAD": 5539,
    "NOM_LOCALIDAD": "LOS SARMIENTOS",
    "COD_PROVINCIA": "F",
    "FE_ALTA": "2000-06-12T00:00:00",
    "COD_ESTADO": "A",
    "FE_ULT_ACT": "2000-06-12T00:00:00",
    "COD_DDN": ""
  },
  {
    "COD_LOCALIDAD": 5540,
    "NOM_LOCALIDAD": "LOS TAMBILLOS",
    "COD_PROVINCIA": "F",
    "FE_ALTA": "2000-06-12T00:00:00",
    "COD_ESTADO": "A",
    "FE_ULT_ACT": "2000-06-12T00:00:00",
    "COD_DDN": ""
  },
  {
    "COD_LOCALIDAD": 5541,
    "NOM_LOCALIDAD": "MACHIGASTA",
    "COD_PROVINCIA": "F",
    "FE_ALTA": "2000-06-12T00:00:00",
    "COD_ESTADO": "A",
    "FE_ULT_ACT": "2000-06-12T00:00:00",
    "COD_DDN": ""
  },
  {
    "COD_LOCALIDAD": 5542,
    "NOM_LOCALIDAD": "MALANZAN",
    "COD_PROVINCIA": "F",
    "FE_ALTA": "2000-06-12T00:00:00",
    "COD_ESTADO": "A",
    "FE_ULT_ACT": "2015-01-07T13:36:13.860646",
    "COD_DDN": "3826"
  },
  {
    "COD_LOCALIDAD": 5543,
    "NOM_LOCALIDAD": "MALLIGASTA",
    "COD_PROVINCIA": "F",
    "FE_ALTA": "2000-06-12T00:00:00",
    "COD_ESTADO": "A",
    "FE_ULT_ACT": "2015-01-07T13:36:13.860755",
    "COD_DDN": "3825"
  },
  {
    "COD_LOCALIDAD": 5544,
    "NOM_LOCALIDAD": "MASCASIN",
    "COD_PROVINCIA": "F",
    "FE_ALTA": "2000-06-12T00:00:00",
    "COD_ESTADO": "A",
    "FE_ULT_ACT": "2000-06-12T00:00:00",
    "COD_DDN": ""
  },
  {
    "COD_LOCALIDAD": 5545,
    "NOM_LOCALIDAD": "MEDANO",
    "COD_PROVINCIA": "F",
    "FE_ALTA": "2000-06-12T00:00:00",
    "COD_ESTADO": "A",
    "FE_ULT_ACT": "2000-06-12T00:00:00",
    "COD_DDN": ""
  },
  {
    "COD_LOCALIDAD": 5546,
    "NOM_LOCALIDAD": "MESILLAS BLANCAS",
    "COD_PROVINCIA": "F",
    "FE_ALTA": "2000-06-12T00:00:00",
    "COD_ESTADO": "A",
    "FE_ULT_ACT": "2000-06-12T00:00:00",
    "COD_DDN": ""
  },
  {
    "COD_LOCALIDAD": 5547,
    "NOM_LOCALIDAD": "MILAGRO",
    "COD_PROVINCIA": "F",
    "FE_ALTA": "2000-06-12T00:00:00",
    "COD_ESTADO": "A",
    "FE_ULT_ACT": "2015-01-07T13:36:13.860857",
    "COD_DDN": "3826"
  },
  {
    "COD_LOCALIDAD": 5548,
    "NOM_LOCALIDAD": "MIRANDA",
    "COD_PROVINCIA": "F",
    "FE_ALTA": "2000-06-12T00:00:00",
    "COD_ESTADO": "A",
    "FE_ULT_ACT": "2015-01-07T13:36:13.86097",
    "COD_DDN": "3825"
  },
  {
    "COD_LOCALIDAD": 5549,
    "NOM_LOCALIDAD": "MOLLACO",
    "COD_PROVINCIA": "F",
    "FE_ALTA": "2000-06-12T00:00:00",
    "COD_ESTADO": "A",
    "FE_ULT_ACT": "2000-06-12T00:00:00",
    "COD_DDN": ""
  },
  {
    "COD_LOCALIDAD": 5550,
    "NOM_LOCALIDAD": "MONTE GRANDE",
    "COD_PROVINCIA": "F",
    "FE_ALTA": "2000-06-12T00:00:00",
    "COD_ESTADO": "A",
    "FE_ULT_ACT": "2000-06-12T00:00:00",
    "COD_DDN": ""
  },
  {
    "COD_LOCALIDAD": 5551,
    "NOM_LOCALIDAD": "NACATE",
    "COD_PROVINCIA": "F",
    "FE_ALTA": "2000-06-12T00:00:00",
    "COD_ESTADO": "A",
    "FE_ULT_ACT": "2015-01-07T13:36:13.861075",
    "COD_DDN": "3826"
  },
  {
    "COD_LOCALIDAD": 5552,
    "NOM_LOCALIDAD": "NEPES",
    "COD_PROVINCIA": "F",
    "FE_ALTA": "2000-06-12T00:00:00",
    "COD_ESTADO": "A",
    "FE_ULT_ACT": "2000-06-12T00:00:00",
    "COD_DDN": ""
  },
  {
    "COD_LOCALIDAD": 5553,
    "NOM_LOCALIDAD": "NONOGASTA",
    "COD_PROVINCIA": "F",
    "FE_ALTA": "2000-06-12T00:00:00",
    "COD_ESTADO": "A",
    "FE_ULT_ACT": "2015-01-07T13:36:13.86118",
    "COD_DDN": "3825"
  },
  {
    "COD_LOCALIDAD": 5554,
    "NOM_LOCALIDAD": "NUEVA ESPERANZA",
    "COD_PROVINCIA": "F",
    "FE_ALTA": "2000-06-12T00:00:00",
    "COD_ESTADO": "A",
    "FE_ULT_ACT": "2000-06-12T00:00:00",
    "COD_DDN": ""
  },
  {
    "COD_LOCALIDAD": 5555,
    "NOM_LOCALIDAD": "OLPAS",
    "COD_PROVINCIA": "F",
    "FE_ALTA": "2000-06-12T00:00:00",
    "COD_ESTADO": "A",
    "FE_ULT_ACT": "2000-06-12T00:00:00",
    "COD_DDN": ""
  },
  {
    "COD_LOCALIDAD": 5556,
    "NOM_LOCALIDAD": "OLTA",
    "COD_PROVINCIA": "F",
    "FE_ALTA": "2000-06-12T00:00:00",
    "COD_ESTADO": "A",
    "FE_ULT_ACT": "2015-01-07T13:36:13.861286",
    "COD_DDN": "3826"
  },
  {
    "COD_LOCALIDAD": 5557,
    "NOM_LOCALIDAD": "PACATALA",
    "COD_PROVINCIA": "F",
    "FE_ALTA": "2000-06-12T00:00:00",
    "COD_ESTADO": "A",
    "FE_ULT_ACT": "2000-06-12T00:00:00",
    "COD_DDN": ""
  },
  {
    "COD_LOCALIDAD": 5558,
    "NOM_LOCALIDAD": "PADERCITAS",
    "COD_PROVINCIA": "F",
    "FE_ALTA": "2000-06-12T00:00:00",
    "COD_ESTADO": "A",
    "FE_ULT_ACT": "2000-06-12T00:00:00",
    "COD_DDN": ""
  },
  {
    "COD_LOCALIDAD": 5559,
    "NOM_LOCALIDAD": "PAGANCILLO",
    "COD_PROVINCIA": "F",
    "FE_ALTA": "2000-06-12T00:00:00",
    "COD_ESTADO": "A",
    "FE_ULT_ACT": "2015-01-07T13:36:13.861394",
    "COD_DDN": "3825"
  },
  {
    "COD_LOCALIDAD": 5560,
    "NOM_LOCALIDAD": "PAGANZO",
    "COD_PROVINCIA": "F",
    "FE_ALTA": "2000-06-12T00:00:00",
    "COD_ESTADO": "A",
    "FE_ULT_ACT": "2000-06-12T00:00:00",
    "COD_DDN": ""
  },
  {
    "COD_LOCALIDAD": 5561,
    "NOM_LOCALIDAD": "PALO LABRADO",
    "COD_PROVINCIA": "F",
    "FE_ALTA": "2000-06-12T00:00:00",
    "COD_ESTADO": "A",
    "FE_ULT_ACT": "2000-06-12T00:00:00",
    "COD_DDN": ""
  },
  {
    "COD_LOCALIDAD": 5562,
    "NOM_LOCALIDAD": "PARAJE MONTE GRANDE",
    "COD_PROVINCIA": "F",
    "FE_ALTA": "2000-06-12T00:00:00",
    "COD_ESTADO": "A",
    "FE_ULT_ACT": "2000-06-12T00:00:00",
    "COD_DDN": ""
  },
  {
    "COD_LOCALIDAD": 5563,
    "NOM_LOCALIDAD": "PARECITAS",
    "COD_PROVINCIA": "F",
    "FE_ALTA": "2000-06-12T00:00:00",
    "COD_ESTADO": "A",
    "FE_ULT_ACT": "2000-06-12T00:00:00",
    "COD_DDN": ""
  },
  {
    "COD_LOCALIDAD": 5564,
    "NOM_LOCALIDAD": "PASO SAN ISIDRO",
    "COD_PROVINCIA": "F",
    "FE_ALTA": "2000-06-12T00:00:00",
    "COD_ESTADO": "A",
    "FE_ULT_ACT": "2000-06-12T00:00:00",
    "COD_DDN": ""
  },
  {
    "COD_LOCALIDAD": 5565,
    "NOM_LOCALIDAD": "PASTOS LARGOS",
    "COD_PROVINCIA": "F",
    "FE_ALTA": "2000-06-12T00:00:00",
    "COD_ESTADO": "A",
    "FE_ULT_ACT": "2000-06-12T00:00:00",
    "COD_DDN": ""
  },
  {
    "COD_LOCALIDAD": 5566,
    "NOM_LOCALIDAD": "PATQUIA",
    "COD_PROVINCIA": "F",
    "FE_ALTA": "2000-06-12T00:00:00",
    "COD_ESTADO": "A",
    "FE_ULT_ACT": "2015-01-07T13:36:13.861504",
    "COD_DDN": "0380"
  },
  {
    "COD_LOCALIDAD": 5567,
    "NOM_LOCALIDAD": "PEÑAS BLANCAS",
    "COD_PROVINCIA": "F",
    "FE_ALTA": "2000-06-12T00:00:00",
    "COD_ESTADO": "A",
    "FE_ULT_ACT": "2000-06-12T00:00:00",
    "COD_DDN": ""
  },
  {
    "COD_LOCALIDAD": 5568,
    "NOM_LOCALIDAD": "PIEDRA DE TALAMPAYA",
    "COD_PROVINCIA": "F",
    "FE_ALTA": "2000-06-12T00:00:00",
    "COD_ESTADO": "A",
    "FE_ULT_ACT": "2000-06-12T00:00:00",
    "COD_DDN": ""
  },
  {
    "COD_LOCALIDAD": 5569,
    "NOM_LOCALIDAD": "PIEDRA LARGA",
    "COD_PROVINCIA": "F",
    "FE_ALTA": "2000-06-12T00:00:00",
    "COD_ESTADO": "A",
    "FE_ULT_ACT": "2000-06-12T00:00:00",
    "COD_DDN": ""
  },
  {
    "COD_LOCALIDAD": 5570,
    "NOM_LOCALIDAD": "PIEDRA PINTADA",
    "COD_PROVINCIA": "F",
    "FE_ALTA": "2000-06-12T00:00:00",
    "COD_ESTADO": "A",
    "FE_ULT_ACT": "2000-06-12T00:00:00",
    "COD_DDN": ""
  },
  {
    "COD_LOCALIDAD": 5571,
    "NOM_LOCALIDAD": "PINCHAS",
    "COD_PROVINCIA": "F",
    "FE_ALTA": "2000-06-12T00:00:00",
    "COD_ESTADO": "A",
    "FE_ULT_ACT": "2015-01-07T13:36:13.861633",
    "COD_DDN": "3827"
  },
  {
    "COD_LOCALIDAD": 5572,
    "NOM_LOCALIDAD": "PITUIL",
    "COD_PROVINCIA": "F",
    "FE_ALTA": "2000-06-12T00:00:00",
    "COD_ESTADO": "A",
    "FE_ULT_ACT": "2015-01-07T13:36:13.861742",
    "COD_DDN": "3825"
  },
  {
    "COD_LOCALIDAD": 5573,
    "NOM_LOCALIDAD": "PLAZA NUEVA",
    "COD_PROVINCIA": "F",
    "FE_ALTA": "2000-06-12T00:00:00",
    "COD_ESTADO": "A",
    "FE_ULT_ACT": "2000-06-12T00:00:00",
    "COD_DDN": ""
  },
  {
    "COD_LOCALIDAD": 5574,
    "NOM_LOCALIDAD": "PLAZA VIEJA",
    "COD_PROVINCIA": "F",
    "FE_ALTA": "2000-06-12T00:00:00",
    "COD_ESTADO": "A",
    "FE_ULT_ACT": "2000-06-12T00:00:00",
    "COD_DDN": ""
  },
  {
    "COD_LOCALIDAD": 5575,
    "NOM_LOCALIDAD": "POLCO",
    "COD_PROVINCIA": "F",
    "FE_ALTA": "2000-06-12T00:00:00",
    "COD_ESTADO": "A",
    "FE_ULT_ACT": "2000-06-12T00:00:00",
    "COD_DDN": ""
  },
  {
    "COD_LOCALIDAD": 5576,
    "NOM_LOCALIDAD": "PORTEZUELO DE LOS ARCE",
    "COD_PROVINCIA": "F",
    "FE_ALTA": "2000-06-12T00:00:00",
    "COD_ESTADO": "A",
    "FE_ULT_ACT": "2000-06-12T00:00:00",
    "COD_DDN": ""
  },
  {
    "COD_LOCALIDAD": 5577,
    "NOM_LOCALIDAD": "POTRERO GRANDE",
    "COD_PROVINCIA": "F",
    "FE_ALTA": "2000-06-12T00:00:00",
    "COD_ESTADO": "A",
    "FE_ULT_ACT": "2015-01-07T13:36:13.861865",
    "COD_DDN": "3825"
  },
  {
    "COD_LOCALIDAD": 5578,
    "NOM_LOCALIDAD": "POZO BLANCO",
    "COD_PROVINCIA": "F",
    "FE_ALTA": "2000-06-12T00:00:00",
    "COD_ESTADO": "A",
    "FE_ULT_ACT": "2000-06-12T00:00:00",
    "COD_DDN": ""
  },
  {
    "COD_LOCALIDAD": 5579,
    "NOM_LOCALIDAD": "POZO DE AVILA",
    "COD_PROVINCIA": "F",
    "FE_ALTA": "2000-06-12T00:00:00",
    "COD_ESTADO": "A",
    "FE_ULT_ACT": "2000-06-12T00:00:00",
    "COD_DDN": ""
  },
  {
    "COD_LOCALIDAD": 5580,
    "NOM_LOCALIDAD": "POZO DE LA ORILLA",
    "COD_PROVINCIA": "F",
    "FE_ALTA": "2000-06-12T00:00:00",
    "COD_ESTADO": "A",
    "FE_ULT_ACT": "2000-06-12T00:00:00",
    "COD_DDN": ""
  },
  {
    "COD_LOCALIDAD": 5581,
    "NOM_LOCALIDAD": "POZO DE LA PIEDRA",
    "COD_PROVINCIA": "F",
    "FE_ALTA": "2000-06-12T00:00:00",
    "COD_ESTADO": "A",
    "FE_ULT_ACT": "2000-06-12T00:00:00",
    "COD_DDN": ""
  },
  {
    "COD_LOCALIDAD": 5582,
    "NOM_LOCALIDAD": "POZO DE LA YEGUA",
    "COD_PROVINCIA": "F",
    "FE_ALTA": "2000-06-12T00:00:00",
    "COD_ESTADO": "A",
    "FE_ULT_ACT": "2000-06-12T00:00:00",
    "COD_DDN": ""
  },
  {
    "COD_LOCALIDAD": 5583,
    "NOM_LOCALIDAD": "POZO DE PIEDRA",
    "COD_PROVINCIA": "F",
    "FE_ALTA": "2000-06-12T00:00:00",
    "COD_ESTADO": "A",
    "FE_ULT_ACT": "2000-06-12T00:00:00",
    "COD_DDN": ""
  },
  {
    "COD_LOCALIDAD": 5584,
    "NOM_LOCALIDAD": "POZO DEL MEDIO",
    "COD_PROVINCIA": "F",
    "FE_ALTA": "2000-06-12T00:00:00",
    "COD_ESTADO": "A",
    "FE_ULT_ACT": "2000-06-12T00:00:00",
    "COD_DDN": ""
  },
  {
    "COD_LOCALIDAD": 5585,
    "NOM_LOCALIDAD": "POZO ESCONDIDO",
    "COD_PROVINCIA": "F",
    "FE_ALTA": "2000-06-12T00:00:00",
    "COD_ESTADO": "A",
    "FE_ULT_ACT": "2000-06-12T00:00:00",
    "COD_DDN": ""
  },
  {
    "COD_LOCALIDAD": 5586,
    "NOM_LOCALIDAD": "PUERTA DE LA QUEBRADA",
    "COD_PROVINCIA": "F",
    "FE_ALTA": "2000-06-12T00:00:00",
    "COD_ESTADO": "A",
    "FE_ULT_ACT": "2000-06-12T00:00:00",
    "COD_DDN": ""
  },
  {
    "COD_LOCALIDAD": 5587,
    "NOM_LOCALIDAD": "PUERTO ALEGRE",
    "COD_PROVINCIA": "F",
    "FE_ALTA": "2000-06-12T00:00:00",
    "COD_ESTADO": "A",
    "FE_ULT_ACT": "2000-06-12T00:00:00",
    "COD_DDN": ""
  },
  {
    "COD_LOCALIDAD": 5588,
    "NOM_LOCALIDAD": "PUERTO DEL VALLE",
    "COD_PROVINCIA": "F",
    "FE_ALTA": "2000-06-12T00:00:00",
    "COD_ESTADO": "A",
    "FE_ULT_ACT": "2000-06-12T00:00:00",
    "COD_DDN": ""
  },
  {
    "COD_LOCALIDAD": 5589,
    "NOM_LOCALIDAD": "PUESTO DE CARRIZO",
    "COD_PROVINCIA": "F",
    "FE_ALTA": "2000-06-12T00:00:00",
    "COD_ESTADO": "A",
    "FE_ULT_ACT": "2000-06-12T00:00:00",
    "COD_DDN": ""
  },
  {
    "COD_LOCALIDAD": 5590,
    "NOM_LOCALIDAD": "PUESTO DE LOS SANCHEZ",
    "COD_PROVINCIA": "F",
    "FE_ALTA": "2000-06-12T00:00:00",
    "COD_ESTADO": "A",
    "FE_ULT_ACT": "2000-06-12T00:00:00",
    "COD_DDN": ""
  },
  {
    "COD_LOCALIDAD": 5591,
    "NOM_LOCALIDAD": "PUESTO DICHOSO",
    "COD_PROVINCIA": "F",
    "FE_ALTA": "2000-06-12T00:00:00",
    "COD_ESTADO": "A",
    "FE_ULT_ACT": "2000-06-12T00:00:00",
    "COD_DDN": ""
  },
  {
    "COD_LOCALIDAD": 5592,
    "NOM_LOCALIDAD": "PUESTO TALITA",
    "COD_PROVINCIA": "F",
    "FE_ALTA": "2000-06-12T00:00:00",
    "COD_ESTADO": "A",
    "FE_ULT_ACT": "2000-06-12T00:00:00",
    "COD_DDN": ""
  },
  {
    "COD_LOCALIDAD": 5593,
    "NOM_LOCALIDAD": "PULUCHAN",
    "COD_PROVINCIA": "F",
    "FE_ALTA": "2000-06-12T00:00:00",
    "COD_ESTADO": "A",
    "FE_ULT_ACT": "2000-06-12T00:00:00",
    "COD_DDN": ""
  },
  {
    "COD_LOCALIDAD": 5594,
    "NOM_LOCALIDAD": "PUNTA DE AGUA",
    "COD_PROVINCIA": "F",
    "FE_ALTA": "2000-06-12T00:00:00",
    "COD_ESTADO": "A",
    "FE_ULT_ACT": "2000-06-12T00:00:00",
    "COD_DDN": ""
  },
  {
    "COD_LOCALIDAD": 5595,
    "NOM_LOCALIDAD": "PUNTA DE LOS LLANOS",
    "COD_PROVINCIA": "F",
    "FE_ALTA": "2000-06-12T00:00:00",
    "COD_ESTADO": "A",
    "FE_ULT_ACT": "2015-01-07T13:36:13.861981",
    "COD_DDN": "3826"
  },
  {
    "COD_LOCALIDAD": 5596,
    "NOM_LOCALIDAD": "PUNTA DEL CERRO",
    "COD_PROVINCIA": "F",
    "FE_ALTA": "2000-06-12T00:00:00",
    "COD_ESTADO": "A",
    "FE_ULT_ACT": "2000-06-12T00:00:00",
    "COD_DDN": ""
  },
  {
    "COD_LOCALIDAD": 5597,
    "NOM_LOCALIDAD": "PUNTA DEL NEGRO",
    "COD_PROVINCIA": "F",
    "FE_ALTA": "2000-06-12T00:00:00",
    "COD_ESTADO": "A",
    "FE_ULT_ACT": "2000-06-12T00:00:00",
    "COD_DDN": ""
  },
  {
    "COD_LOCALIDAD": 5598,
    "NOM_LOCALIDAD": "QUEBRACHAL",
    "COD_PROVINCIA": "F",
    "FE_ALTA": "2000-06-12T00:00:00",
    "COD_ESTADO": "A",
    "FE_ULT_ACT": "2000-06-12T00:00:00",
    "COD_DDN": ""
  },
  {
    "COD_LOCALIDAD": 5599,
    "NOM_LOCALIDAD": "QUEBRACHO HERRADO",
    "COD_PROVINCIA": "F",
    "FE_ALTA": "2000-06-12T00:00:00",
    "COD_ESTADO": "A",
    "FE_ULT_ACT": "2000-06-12T00:00:00",
    "COD_DDN": ""
  },
  {
    "COD_LOCALIDAD": 5600,
    "NOM_LOCALIDAD": "QUEBRADA DEL VALLECITO",
    "COD_PROVINCIA": "F",
    "FE_ALTA": "2000-06-12T00:00:00",
    "COD_ESTADO": "A",
    "FE_ULT_ACT": "2000-06-12T00:00:00",
    "COD_DDN": ""
  },
  {
    "COD_LOCALIDAD": 5601,
    "NOM_LOCALIDAD": "REAL DEL CADILLO",
    "COD_PROVINCIA": "F",
    "FE_ALTA": "2000-06-12T00:00:00",
    "COD_ESTADO": "A",
    "FE_ULT_ACT": "2000-06-12T00:00:00",
    "COD_DDN": ""
  },
  {
    "COD_LOCALIDAD": 5602,
    "NOM_LOCALIDAD": "REPRESA DE LA PUNTA",
    "COD_PROVINCIA": "F",
    "FE_ALTA": "2000-06-12T00:00:00",
    "COD_ESTADO": "A",
    "FE_ULT_ACT": "2000-06-12T00:00:00",
    "COD_DDN": ""
  },
  {
    "COD_LOCALIDAD": 5603,
    "NOM_LOCALIDAD": "REPRESA DEL MONTE",
    "COD_PROVINCIA": "F",
    "FE_ALTA": "2000-06-12T00:00:00",
    "COD_ESTADO": "A",
    "FE_ULT_ACT": "2000-06-12T00:00:00",
    "COD_DDN": ""
  },
  {
    "COD_LOCALIDAD": 5604,
    "NOM_LOCALIDAD": "RETAMAL",
    "COD_PROVINCIA": "F",
    "FE_ALTA": "2000-06-12T00:00:00",
    "COD_ESTADO": "A",
    "FE_ULT_ACT": "2000-06-12T00:00:00",
    "COD_DDN": ""
  },
  {
    "COD_LOCALIDAD": 5605,
    "NOM_LOCALIDAD": "RIO DE LAS CAÑAS",
    "COD_PROVINCIA": "F",
    "FE_ALTA": "2000-06-12T00:00:00",
    "COD_ESTADO": "A",
    "FE_ULT_ACT": "2000-06-12T00:00:00",
    "COD_DDN": ""
  },
  {
    "COD_LOCALIDAD": 5606,
    "NOM_LOCALIDAD": "RIOS DE LAS MESADAS",
    "COD_PROVINCIA": "F",
    "FE_ALTA": "2000-06-12T00:00:00",
    "COD_ESTADO": "A",
    "FE_ULT_ACT": "2000-06-12T00:00:00",
    "COD_DDN": ""
  },
  {
    "COD_LOCALIDAD": 5607,
    "NOM_LOCALIDAD": "RIOS DE LOS COLCOLES",
    "COD_PROVINCIA": "F",
    "FE_ALTA": "2000-06-12T00:00:00",
    "COD_ESTADO": "A",
    "FE_ULT_ACT": "2000-06-12T00:00:00",
    "COD_DDN": ""
  },
  {
    "COD_LOCALIDAD": 5608,
    "NOM_LOCALIDAD": "RIVADAVIA",
    "COD_PROVINCIA": "F",
    "FE_ALTA": "2000-06-12T00:00:00",
    "COD_ESTADO": "A",
    "FE_ULT_ACT": "2000-06-12T00:00:00",
    "COD_DDN": ""
  },
  {
    "COD_LOCALIDAD": 5609,
    "NOM_LOCALIDAD": "SALANA",
    "COD_PROVINCIA": "F",
    "FE_ALTA": "2000-06-12T00:00:00",
    "COD_ESTADO": "A",
    "FE_ULT_ACT": "2000-06-12T00:00:00",
    "COD_DDN": ""
  },
  {
    "COD_LOCALIDAD": 5610,
    "NOM_LOCALIDAD": "SALICAS SAN BLAS",
    "COD_PROVINCIA": "F",
    "FE_ALTA": "2000-06-12T00:00:00",
    "COD_ESTADO": "A",
    "FE_ULT_ACT": "2007-09-18T13:23:10.364247",
    "COD_DDN": ""
  },
  {
    "COD_LOCALIDAD": 5611,
    "NOM_LOCALIDAD": "SALINAS DE BUSTOS",
    "COD_PROVINCIA": "F",
    "FE_ALTA": "2000-06-12T00:00:00",
    "COD_ESTADO": "A",
    "FE_ULT_ACT": "2000-06-12T00:00:00",
    "COD_DDN": ""
  },
  {
    "COD_LOCALIDAD": 5612,
    "NOM_LOCALIDAD": "SALINAS DEL LEONCITO",
    "COD_PROVINCIA": "F",
    "FE_ALTA": "2000-06-12T00:00:00",
    "COD_ESTADO": "A",
    "FE_ULT_ACT": "2000-06-12T00:00:00",
    "COD_DDN": ""
  },
  {
    "COD_LOCALIDAD": 5613,
    "NOM_LOCALIDAD": "SAMAY HUASI",
    "COD_PROVINCIA": "F",
    "FE_ALTA": "2000-06-12T00:00:00",
    "COD_ESTADO": "A",
    "FE_ULT_ACT": "2000-06-12T00:00:00",
    "COD_DDN": ""
  },
  {
    "COD_LOCALIDAD": 5614,
    "NOM_LOCALIDAD": "SAN AGUSTIN",
    "COD_PROVINCIA": "F",
    "FE_ALTA": "2000-06-12T00:00:00",
    "COD_ESTADO": "A",
    "FE_ULT_ACT": "2000-06-12T00:00:00",
    "COD_DDN": ""
  },
  {
    "COD_LOCALIDAD": 5615,
    "NOM_LOCALIDAD": "SAN ANTONIO",
    "COD_PROVINCIA": "F",
    "FE_ALTA": "2000-06-12T00:00:00",
    "COD_ESTADO": "A",
    "FE_ULT_ACT": "2015-01-07T13:36:13.862123",
    "COD_DDN": "3821"
  },
  {
    "COD_LOCALIDAD": 5616,
    "NOM_LOCALIDAD": "SAN BERNARDO",
    "COD_PROVINCIA": "F",
    "FE_ALTA": "2000-06-12T00:00:00",
    "COD_ESTADO": "A",
    "FE_ULT_ACT": "2000-06-12T00:00:00",
    "COD_DDN": ""
  },
  {
    "COD_LOCALIDAD": 5617,
    "NOM_LOCALIDAD": "SAN CRISTOBAL",
    "COD_PROVINCIA": "F",
    "FE_ALTA": "2000-06-12T00:00:00",
    "COD_ESTADO": "A",
    "FE_ULT_ACT": "2000-06-12T00:00:00",
    "COD_DDN": ""
  },
  {
    "COD_LOCALIDAD": 5618,
    "NOM_LOCALIDAD": "SAN GUILLERMO",
    "COD_PROVINCIA": "F",
    "FE_ALTA": "2000-06-12T00:00:00",
    "COD_ESTADO": "A",
    "FE_ULT_ACT": "2000-06-12T00:00:00",
    "COD_DDN": ""
  },
  {
    "COD_LOCALIDAD": 5619,
    "NOM_LOCALIDAD": "SAN IGNACIO",
    "COD_PROVINCIA": "F",
    "FE_ALTA": "2000-06-12T00:00:00",
    "COD_ESTADO": "A",
    "FE_ULT_ACT": "2000-06-12T00:00:00",
    "COD_DDN": ""
  },
  {
    "COD_LOCALIDAD": 5620,
    "NOM_LOCALIDAD": "SAN ISIDRO",
    "COD_PROVINCIA": "F",
    "FE_ALTA": "2000-06-12T00:00:00",
    "COD_ESTADO": "A",
    "FE_ULT_ACT": "2000-06-12T00:00:00",
    "COD_DDN": ""
  },
  {
    "COD_LOCALIDAD": 5621,
    "NOM_LOCALIDAD": "SAN JAVIER",
    "COD_PROVINCIA": "F",
    "FE_ALTA": "2000-06-12T00:00:00",
    "COD_ESTADO": "A",
    "FE_ULT_ACT": "2000-06-12T00:00:00",
    "COD_DDN": ""
  },
  {
    "COD_LOCALIDAD": 5622,
    "NOM_LOCALIDAD": "SAN JOSE",
    "COD_PROVINCIA": "F",
    "FE_ALTA": "2000-06-12T00:00:00",
    "COD_ESTADO": "A",
    "FE_ULT_ACT": "2000-06-12T00:00:00",
    "COD_DDN": ""
  },
  {
    "COD_LOCALIDAD": 5623,
    "NOM_LOCALIDAD": "SAN JUAN",
    "COD_PROVINCIA": "F",
    "FE_ALTA": "2000-06-12T00:00:00",
    "COD_ESTADO": "A",
    "FE_ULT_ACT": "2000-06-12T00:00:00",
    "COD_DDN": ""
  },
  {
    "COD_LOCALIDAD": 5624,
    "NOM_LOCALIDAD": "SAN LORENZO",
    "COD_PROVINCIA": "F",
    "FE_ALTA": "2000-06-12T00:00:00",
    "COD_ESTADO": "A",
    "FE_ULT_ACT": "2000-06-12T00:00:00",
    "COD_DDN": ""
  },
  {
    "COD_LOCALIDAD": 5625,
    "NOM_LOCALIDAD": "SAN MARTIN",
    "COD_PROVINCIA": "F",
    "FE_ALTA": "2000-06-12T00:00:00",
    "COD_ESTADO": "A",
    "FE_ULT_ACT": "2000-06-12T00:00:00",
    "COD_DDN": ""
  },
  {
    "COD_LOCALIDAD": 5626,
    "NOM_LOCALIDAD": "SAN MIGUEL",
    "COD_PROVINCIA": "F",
    "FE_ALTA": "2000-06-12T00:00:00",
    "COD_ESTADO": "A",
    "FE_ULT_ACT": "2015-01-07T13:36:13.862248",
    "COD_DDN": "3825"
  },
  {
    "COD_LOCALIDAD": 5627,
    "NOM_LOCALIDAD": "SAN NICOLAS",
    "COD_PROVINCIA": "F",
    "FE_ALTA": "2000-06-12T00:00:00",
    "COD_ESTADO": "A",
    "FE_ULT_ACT": "2000-06-12T00:00:00",
    "COD_DDN": ""
  },
  {
    "COD_LOCALIDAD": 5628,
    "NOM_LOCALIDAD": "SAN PEDRO",
    "COD_PROVINCIA": "F",
    "FE_ALTA": "2000-06-12T00:00:00",
    "COD_ESTADO": "A",
    "FE_ULT_ACT": "2015-01-07T13:36:13.862366",
    "COD_DDN": "3827"
  },
  {
    "COD_LOCALIDAD": 5629,
    "NOM_LOCALIDAD": "SAN RAFAEL",
    "COD_PROVINCIA": "F",
    "FE_ALTA": "2000-06-12T00:00:00",
    "COD_ESTADO": "A",
    "FE_ULT_ACT": "2000-06-12T00:00:00",
    "COD_DDN": ""
  },
  {
    "COD_LOCALIDAD": 5630,
    "NOM_LOCALIDAD": "SAN RAMON",
    "COD_PROVINCIA": "F",
    "FE_ALTA": "2000-06-12T00:00:00",
    "COD_ESTADO": "A",
    "FE_ULT_ACT": "2000-06-12T00:00:00",
    "COD_DDN": ""
  },
  {
    "COD_LOCALIDAD": 5631,
    "NOM_LOCALIDAD": "SAN ROQUE",
    "COD_PROVINCIA": "F",
    "FE_ALTA": "2000-06-12T00:00:00",
    "COD_ESTADO": "A",
    "FE_ULT_ACT": "2000-06-12T00:00:00",
    "COD_DDN": ""
  },
  {
    "COD_LOCALIDAD": 5632,
    "NOM_LOCALIDAD": "SAN SOLANO",
    "COD_PROVINCIA": "F",
    "FE_ALTA": "2000-06-12T00:00:00",
    "COD_ESTADO": "A",
    "FE_ULT_ACT": "2000-06-12T00:00:00",
    "COD_DDN": ""
  },
  {
    "COD_LOCALIDAD": 5633,
    "NOM_LOCALIDAD": "SAN VICENTE",
    "COD_PROVINCIA": "F",
    "FE_ALTA": "2000-06-12T00:00:00",
    "COD_ESTADO": "A",
    "FE_ULT_ACT": "2000-06-12T00:00:00",
    "COD_DDN": ""
  },
  {
    "COD_LOCALIDAD": 5634,
    "NOM_LOCALIDAD": "SANTA ANA",
    "COD_PROVINCIA": "F",
    "FE_ALTA": "2000-06-12T00:00:00",
    "COD_ESTADO": "A",
    "FE_ULT_ACT": "2000-06-12T00:00:00",
    "COD_DDN": ""
  },
  {
    "COD_LOCALIDAD": 5635,
    "NOM_LOCALIDAD": "SANTA BARBARA",
    "COD_PROVINCIA": "F",
    "FE_ALTA": "2000-06-12T00:00:00",
    "COD_ESTADO": "A",
    "FE_ULT_ACT": "2000-06-12T00:00:00",
    "COD_DDN": ""
  },
  {
    "COD_LOCALIDAD": 5636,
    "NOM_LOCALIDAD": "SANTA CLARA",
    "COD_PROVINCIA": "F",
    "FE_ALTA": "2000-06-12T00:00:00",
    "COD_ESTADO": "A",
    "FE_ULT_ACT": "2000-06-12T00:00:00",
    "COD_DDN": ""
  },
  {
    "COD_LOCALIDAD": 5637,
    "NOM_LOCALIDAD": "SANTA CRUZ",
    "COD_PROVINCIA": "F",
    "FE_ALTA": "2000-06-12T00:00:00",
    "COD_ESTADO": "A",
    "FE_ULT_ACT": "2015-01-07T13:36:13.862487",
    "COD_DDN": "3825"
  },
  {
    "COD_LOCALIDAD": 5638,
    "NOM_LOCALIDAD": "SANTA ELENA",
    "COD_PROVINCIA": "F",
    "FE_ALTA": "2000-06-12T00:00:00",
    "COD_ESTADO": "A",
    "FE_ULT_ACT": "2000-06-12T00:00:00",
    "COD_DDN": ""
  },
  {
    "COD_LOCALIDAD": 5639,
    "NOM_LOCALIDAD": "SANTA FLORENTINA",
    "COD_PROVINCIA": "F",
    "FE_ALTA": "2000-06-12T00:00:00",
    "COD_ESTADO": "A",
    "FE_ULT_ACT": "2000-06-12T00:00:00",
    "COD_DDN": ""
  },
  {
    "COD_LOCALIDAD": 5640,
    "NOM_LOCALIDAD": "SANTA LUCIA",
    "COD_PROVINCIA": "F",
    "FE_ALTA": "2000-06-12T00:00:00",
    "COD_ESTADO": "A",
    "FE_ULT_ACT": "2000-06-12T00:00:00",
    "COD_DDN": ""
  },
  {
    "COD_LOCALIDAD": 5641,
    "NOM_LOCALIDAD": "SANTA ROSA",
    "COD_PROVINCIA": "F",
    "FE_ALTA": "2000-06-12T00:00:00",
    "COD_ESTADO": "A",
    "FE_ULT_ACT": "2000-06-12T00:00:00",
    "COD_DDN": ""
  },
  {
    "COD_LOCALIDAD": 5642,
    "NOM_LOCALIDAD": "SANTA TERESA",
    "COD_PROVINCIA": "F",
    "FE_ALTA": "2000-06-12T00:00:00",
    "COD_ESTADO": "A",
    "FE_ULT_ACT": "2000-06-12T00:00:00",
    "COD_DDN": ""
  },
  {
    "COD_LOCALIDAD": 5643,
    "NOM_LOCALIDAD": "SANTA VERA CRUZ",
    "COD_PROVINCIA": "F",
    "FE_ALTA": "2000-06-12T00:00:00",
    "COD_ESTADO": "A",
    "FE_ULT_ACT": "2000-06-12T00:00:00",
    "COD_DDN": ""
  },
  {
    "COD_LOCALIDAD": 5644,
    "NOM_LOCALIDAD": "SANTO DOMINGO",
    "COD_PROVINCIA": "F",
    "FE_ALTA": "2000-06-12T00:00:00",
    "COD_ESTADO": "A",
    "FE_ULT_ACT": "2015-01-07T13:36:13.862604",
    "COD_DDN": "3825"
  },
  {
    "COD_LOCALIDAD": 5645,
    "NOM_LOCALIDAD": "SANTO DOMINGO DEPARTAMENTO FAM",
    "COD_PROVINCIA": "F",
    "FE_ALTA": "2000-06-12T00:00:00",
    "COD_ESTADO": "A",
    "FE_ULT_ACT": "2000-06-12T00:00:00",
    "COD_DDN": ""
  },
  {
    "COD_LOCALIDAD": 5646,
    "NOM_LOCALIDAD": "SAÑOGASTA",
    "COD_PROVINCIA": "F",
    "FE_ALTA": "2000-06-12T00:00:00",
    "COD_ESTADO": "A",
    "FE_ULT_ACT": "2015-01-07T13:36:13.862725",
    "COD_DDN": "3825"
  },
  {
    "COD_LOCALIDAD": 5647,
    "NOM_LOCALIDAD": "SCHAQUI",
    "COD_PROVINCIA": "F",
    "FE_ALTA": "2000-06-12T00:00:00",
    "COD_ESTADO": "A",
    "FE_ULT_ACT": "2015-01-07T13:36:13.86285",
    "COD_DDN": "3827"
  },
  {
    "COD_LOCALIDAD": 5648,
    "NOM_LOCALIDAD": "SEÑOR DE LA PEÑA",
    "COD_PROVINCIA": "F",
    "FE_ALTA": "2000-06-12T00:00:00",
    "COD_ESTADO": "A",
    "FE_ULT_ACT": "2000-06-12T00:00:00",
    "COD_DDN": ""
  },
  {
    "COD_LOCALIDAD": 5649,
    "NOM_LOCALIDAD": "SIEMPRE VERDE",
    "COD_PROVINCIA": "F",
    "FE_ALTA": "2000-06-12T00:00:00",
    "COD_ESTADO": "A",
    "FE_ULT_ACT": "2000-06-12T00:00:00",
    "COD_DDN": ""
  },
  {
    "COD_LOCALIDAD": 5650,
    "NOM_LOCALIDAD": "SIERRA BRAVA",
    "COD_PROVINCIA": "F",
    "FE_ALTA": "2000-06-12T00:00:00",
    "COD_ESTADO": "A",
    "FE_ULT_ACT": "2000-06-12T00:00:00",
    "COD_DDN": ""
  },
  {
    "COD_LOCALIDAD": 5651,
    "NOM_LOCALIDAD": "SIMBOLAR",
    "COD_PROVINCIA": "F",
    "FE_ALTA": "2000-06-12T00:00:00",
    "COD_ESTADO": "A",
    "FE_ULT_ACT": "2000-06-12T00:00:00",
    "COD_DDN": ""
  },
  {
    "COD_LOCALIDAD": 5652,
    "NOM_LOCALIDAD": "SOLCA",
    "COD_PROVINCIA": "F",
    "FE_ALTA": "2000-06-12T00:00:00",
    "COD_ESTADO": "A",
    "FE_ULT_ACT": "2015-01-07T13:36:13.862959",
    "COD_DDN": "3826"
  },
  {
    "COD_LOCALIDAD": 5653,
    "NOM_LOCALIDAD": "SURIYACO",
    "COD_PROVINCIA": "F",
    "FE_ALTA": "2000-06-12T00:00:00",
    "COD_ESTADO": "A",
    "FE_ULT_ACT": "2015-01-07T13:36:13.863069",
    "COD_DDN": "3827"
  },
  {
    "COD_LOCALIDAD": 5654,
    "NOM_LOCALIDAD": "TALA VERDE",
    "COD_PROVINCIA": "F",
    "FE_ALTA": "2000-06-12T00:00:00",
    "COD_ESTADO": "A",
    "FE_ULT_ACT": "2000-06-12T00:00:00",
    "COD_DDN": ""
  },
  {
    "COD_LOCALIDAD": 5655,
    "NOM_LOCALIDAD": "TALAMUYUNA",
    "COD_PROVINCIA": "F",
    "FE_ALTA": "2000-06-12T00:00:00",
    "COD_ESTADO": "A",
    "FE_ULT_ACT": "2000-06-12T00:00:00",
    "COD_DDN": ""
  },
  {
    "COD_LOCALIDAD": 5656,
    "NOM_LOCALIDAD": "TALVA",
    "COD_PROVINCIA": "F",
    "FE_ALTA": "2000-06-12T00:00:00",
    "COD_ESTADO": "A",
    "FE_ULT_ACT": "2000-06-12T00:00:00",
    "COD_DDN": ""
  },
  {
    "COD_LOCALIDAD": 5657,
    "NOM_LOCALIDAD": "TAMA",
    "COD_PROVINCIA": "F",
    "FE_ALTA": "2000-06-12T00:00:00",
    "COD_ESTADO": "A",
    "FE_ULT_ACT": "2015-01-07T13:36:13.863191",
    "COD_DDN": "3826"
  },
  {
    "COD_LOCALIDAD": 5658,
    "NOM_LOCALIDAD": "TASQUIN",
    "COD_PROVINCIA": "F",
    "FE_ALTA": "2000-06-12T00:00:00",
    "COD_ESTADO": "A",
    "FE_ULT_ACT": "2000-06-12T00:00:00",
    "COD_DDN": ""
  },
  {
    "COD_LOCALIDAD": 5659,
    "NOM_LOCALIDAD": "TERMAS",
    "COD_PROVINCIA": "F",
    "FE_ALTA": "2000-06-12T00:00:00",
    "COD_ESTADO": "A",
    "FE_ULT_ACT": "2000-06-12T00:00:00",
    "COD_DDN": ""
  },
  {
    "COD_LOCALIDAD": 5660,
    "NOM_LOCALIDAD": "TERMAS DE SANTA TERESITA",
    "COD_PROVINCIA": "F",
    "FE_ALTA": "2000-06-12T00:00:00",
    "COD_ESTADO": "A",
    "FE_ULT_ACT": "2000-06-12T00:00:00",
    "COD_DDN": ""
  },
  {
    "COD_LOCALIDAD": 5661,
    "NOM_LOCALIDAD": "TILIMUQUI",
    "COD_PROVINCIA": "F",
    "FE_ALTA": "2000-06-12T00:00:00",
    "COD_ESTADO": "A",
    "FE_ULT_ACT": "2000-06-12T00:00:00",
    "COD_DDN": ""
  },
  {
    "COD_LOCALIDAD": 5662,
    "NOM_LOCALIDAD": "TINOCAN",
    "COD_PROVINCIA": "F",
    "FE_ALTA": "2000-06-12T00:00:00",
    "COD_ESTADO": "A",
    "FE_ULT_ACT": "2000-06-12T00:00:00",
    "COD_DDN": ""
  },
  {
    "COD_LOCALIDAD": 5663,
    "NOM_LOCALIDAD": "TORRECITAS",
    "COD_PROVINCIA": "F",
    "FE_ALTA": "2000-06-12T00:00:00",
    "COD_ESTADO": "A",
    "FE_ULT_ACT": "2000-06-12T00:00:00",
    "COD_DDN": ""
  },
  {
    "COD_LOCALIDAD": 5664,
    "NOM_LOCALIDAD": "TOTORAL",
    "COD_PROVINCIA": "F",
    "FE_ALTA": "2000-06-12T00:00:00",
    "COD_ESTADO": "A",
    "FE_ULT_ACT": "2000-06-12T00:00:00",
    "COD_DDN": ""
  },
  {
    "COD_LOCALIDAD": 5665,
    "NOM_LOCALIDAD": "TRAMPA DEL TIGRE",
    "COD_PROVINCIA": "F",
    "FE_ALTA": "2000-06-12T00:00:00",
    "COD_ESTADO": "A",
    "FE_ULT_ACT": "2000-06-12T00:00:00",
    "COD_DDN": ""
  },
  {
    "COD_LOCALIDAD": 5666,
    "NOM_LOCALIDAD": "TRES CERROS",
    "COD_PROVINCIA": "F",
    "FE_ALTA": "2000-06-12T00:00:00",
    "COD_ESTADO": "A",
    "FE_ULT_ACT": "2000-06-12T00:00:00",
    "COD_DDN": ""
  },
  {
    "COD_LOCALIDAD": 5667,
    "NOM_LOCALIDAD": "TRES CRUCES",
    "COD_PROVINCIA": "F",
    "FE_ALTA": "2000-06-12T00:00:00",
    "COD_ESTADO": "A",
    "FE_ULT_ACT": "2000-06-12T00:00:00",
    "COD_DDN": ""
  },
  {
    "COD_LOCALIDAD": 5668,
    "NOM_LOCALIDAD": "TUANI",
    "COD_PROVINCIA": "F",
    "FE_ALTA": "2000-06-12T00:00:00",
    "COD_ESTADO": "A",
    "FE_ULT_ACT": "2000-06-12T00:00:00",
    "COD_DDN": ""
  },
  {
    "COD_LOCALIDAD": 5669,
    "NOM_LOCALIDAD": "TUIZON",
    "COD_PROVINCIA": "F",
    "FE_ALTA": "2000-06-12T00:00:00",
    "COD_ESTADO": "A",
    "FE_ULT_ACT": "2000-06-12T00:00:00",
    "COD_DDN": ""
  },
  {
    "COD_LOCALIDAD": 5670,
    "NOM_LOCALIDAD": "TUYUBIL",
    "COD_PROVINCIA": "F",
    "FE_ALTA": "2000-06-12T00:00:00",
    "COD_ESTADO": "A",
    "FE_ULT_ACT": "2000-06-12T00:00:00",
    "COD_DDN": ""
  },
  {
    "COD_LOCALIDAD": 5671,
    "NOM_LOCALIDAD": "UDPINANGO",
    "COD_PROVINCIA": "F",
    "FE_ALTA": "2000-06-12T00:00:00",
    "COD_ESTADO": "A",
    "FE_ULT_ACT": "2000-06-12T00:00:00",
    "COD_DDN": ""
  },
  {
    "COD_LOCALIDAD": 5672,
    "NOM_LOCALIDAD": "ULAPES",
    "COD_PROVINCIA": "F",
    "FE_ALTA": "2000-06-12T00:00:00",
    "COD_ESTADO": "A",
    "FE_ULT_ACT": "2015-01-07T13:36:13.8633",
    "COD_DDN": "3821"
  },
  {
    "COD_LOCALIDAD": 5673,
    "NOM_LOCALIDAD": "VALLE HERMOSO",
    "COD_PROVINCIA": "F",
    "FE_ALTA": "2000-06-12T00:00:00",
    "COD_ESTADO": "A",
    "FE_ULT_ACT": "2000-06-12T00:00:00",
    "COD_DDN": ""
  },
  {
    "COD_LOCALIDAD": 5674,
    "NOM_LOCALIDAD": "VERDE OLIVO",
    "COD_PROVINCIA": "F",
    "FE_ALTA": "2000-06-12T00:00:00",
    "COD_ESTADO": "A",
    "FE_ULT_ACT": "2000-06-12T00:00:00",
    "COD_DDN": ""
  },
  {
    "COD_LOCALIDAD": 5675,
    "NOM_LOCALIDAD": "VICHIGASTA",
    "COD_PROVINCIA": "F",
    "FE_ALTA": "2000-06-12T00:00:00",
    "COD_ESTADO": "A",
    "FE_ULT_ACT": "2015-01-07T13:36:13.863409",
    "COD_DDN": "3825"
  },
  {
    "COD_LOCALIDAD": 5676,
    "NOM_LOCALIDAD": "VILLA BUSTOS",
    "COD_PROVINCIA": "F",
    "FE_ALTA": "2000-06-12T00:00:00",
    "COD_ESTADO": "A",
    "FE_ULT_ACT": "2000-06-12T00:00:00",
    "COD_DDN": ""
  },
  {
    "COD_LOCALIDAD": 5677,
    "NOM_LOCALIDAD": "VILLA CASANA",
    "COD_PROVINCIA": "F",
    "FE_ALTA": "2000-06-12T00:00:00",
    "COD_ESTADO": "A",
    "FE_ULT_ACT": "2015-01-07T13:36:13.863514",
    "COD_DDN": "3821"
  },
  {
    "COD_LOCALIDAD": 5678,
    "NOM_LOCALIDAD": "VILLA CASTELLI",
    "COD_PROVINCIA": "F",
    "FE_ALTA": "2000-06-12T00:00:00",
    "COD_ESTADO": "A",
    "FE_ULT_ACT": "2015-01-07T13:36:13.863619",
    "COD_DDN": "3825"
  },
  {
    "COD_LOCALIDAD": 5679,
    "NOM_LOCALIDAD": "VILLA CHEPES",
    "COD_PROVINCIA": "F",
    "FE_ALTA": "2000-06-12T00:00:00",
    "COD_ESTADO": "A",
    "FE_ULT_ACT": "2000-06-12T00:00:00",
    "COD_DDN": ""
  },
  {
    "COD_LOCALIDAD": 5680,
    "NOM_LOCALIDAD": "VILLA MAZAN",
    "COD_PROVINCIA": "F",
    "FE_ALTA": "2000-06-12T00:00:00",
    "COD_ESTADO": "A",
    "FE_ULT_ACT": "2015-01-07T13:36:13.863777",
    "COD_DDN": "3827"
  },
  {
    "COD_LOCALIDAD": 5681,
    "NOM_LOCALIDAD": "VILLA NIDIA",
    "COD_PROVINCIA": "F",
    "FE_ALTA": "2000-06-12T00:00:00",
    "COD_ESTADO": "A",
    "FE_ULT_ACT": "2000-06-12T00:00:00",
    "COD_DDN": ""
  },
  {
    "COD_LOCALIDAD": 5682,
    "NOM_LOCALIDAD": "VILLA SAN JOSE DE VINCHINA",
    "COD_PROVINCIA": "F",
    "FE_ALTA": "2000-06-12T00:00:00",
    "COD_ESTADO": "A",
    "FE_ULT_ACT": "2000-06-12T00:00:00",
    "COD_DDN": ""
  },
  {
    "COD_LOCALIDAD": 5683,
    "NOM_LOCALIDAD": "VILLA SANAGASTA",
    "COD_PROVINCIA": "F",
    "FE_ALTA": "2000-06-12T00:00:00",
    "COD_ESTADO": "A",
    "FE_ULT_ACT": "2015-01-07T13:36:13.863887",
    "COD_DDN": "0380"
  },
  {
    "COD_LOCALIDAD": 5684,
    "NOM_LOCALIDAD": "VILLA SANTA RITA",
    "COD_PROVINCIA": "F",
    "FE_ALTA": "2000-06-12T00:00:00",
    "COD_ESTADO": "A",
    "FE_ULT_ACT": "2000-06-12T00:00:00",
    "COD_DDN": ""
  },
  {
    "COD_LOCALIDAD": 5685,
    "NOM_LOCALIDAD": "VILLA UNION",
    "COD_PROVINCIA": "F",
    "FE_ALTA": "2000-06-12T00:00:00",
    "COD_ESTADO": "A",
    "FE_ULT_ACT": "2015-01-07T13:36:13.864007",
    "COD_DDN": "3825"
  },
  {
    "COD_LOCALIDAD": 5686,
    "NOM_LOCALIDAD": "VINCHINA",
    "COD_PROVINCIA": "F",
    "FE_ALTA": "2000-06-12T00:00:00",
    "COD_ESTADO": "A",
    "FE_ULT_ACT": "2015-01-07T13:36:13.864495",
    "COD_DDN": "3825"
  },
  {
    "COD_LOCALIDAD": 5687,
    "NOM_LOCALIDAD": "ÑOQUEVES",
    "COD_PROVINCIA": "F",
    "FE_ALTA": "2000-06-12T00:00:00",
    "COD_ESTADO": "A",
    "FE_ULT_ACT": "2000-06-12T00:00:00",
    "COD_DDN": ""
  }
]