[
  {
    "COD_LOCALIDAD": 16349,
    "NOM_LOCALIDAD": "AGUADA DE LAS TEJAS",
    "COD_PROVINCIA": "U",
    "FE_ALTA": "2000-06-12T00:00:00",
    "COD_ESTADO": "A",
    "FE_ULT_ACT": "2000-06-12T00:00:00",
    "COD_DDN": ""
  },
  {
    "COD_LOCALIDAD": 16350,
    "NOM_LOCALIDAD": "AGUADA DEL PITO",
    "COD_PROVINCIA": "U",
    "FE_ALTA": "2000-06-12T00:00:00",
    "COD_ESTADO": "A",
    "FE_ULT_ACT": "2000-06-12T00:00:00",
    "COD_DDN": ""
  },
  {
    "COD_LOCALIDAD": 16351,
    "NOM_LOCALIDAD": "ALDEA APELEG",
    "COD_PROVINCIA": "U",
    "FE_ALTA": "2000-06-12T00:00:00",
    "COD_ESTADO": "A",
    "FE_ULT_ACT": "2000-06-12T00:00:00",
    "COD_DDN": ""
  },
  {
    "COD_LOCALIDAD": 16352,
    "NOM_LOCALIDAD": "ALDEA BELEIRO",
    "COD_PROVINCIA": "U",
    "FE_ALTA": "2000-06-12T00:00:00",
    "COD_ESTADO": "A",
    "FE_ULT_ACT": "2015-01-07T13:36:13.999571",
    "COD_DDN": "2903"
  },
  {
    "COD_LOCALIDAD": 16353,
    "NOM_LOCALIDAD": "ALDEA ESCOLAR",
    "COD_PROVINCIA": "U",
    "FE_ALTA": "2000-06-12T00:00:00",
    "COD_ESTADO": "A",
    "FE_ULT_ACT": "2015-01-07T13:36:13.999688",
    "COD_DDN": "2945"
  },
  {
    "COD_LOCALIDAD": 16354,
    "NOM_LOCALIDAD": "ALTO DE LAS PLUMAS",
    "COD_PROVINCIA": "U",
    "FE_ALTA": "2000-06-12T00:00:00",
    "COD_ESTADO": "A",
    "FE_ULT_ACT": "2000-06-12T00:00:00",
    "COD_DDN": ""
  },
  {
    "COD_LOCALIDAD": 16355,
    "NOM_LOCALIDAD": "ALTO RIO MAYO",
    "COD_PROVINCIA": "U",
    "FE_ALTA": "2000-06-12T00:00:00",
    "COD_ESTADO": "A",
    "FE_ULT_ACT": "2000-06-12T00:00:00",
    "COD_DDN": ""
  },
  {
    "COD_LOCALIDAD": 16356,
    "NOM_LOCALIDAD": "ALTO RIO PICO",
    "COD_PROVINCIA": "U",
    "FE_ALTA": "2000-06-12T00:00:00",
    "COD_ESTADO": "A",
    "FE_ULT_ACT": "2000-06-12T00:00:00",
    "COD_DDN": ""
  },
  {
    "COD_LOCALIDAD": 16357,
    "NOM_LOCALIDAD": "ALTO RIO SENGUER",
    "COD_PROVINCIA": "U",
    "FE_ALTA": "2000-06-12T00:00:00",
    "COD_ESTADO": "A",
    "FE_ULT_ACT": "2015-01-07T13:36:13.999799",
    "COD_DDN": "2945"
  },
  {
    "COD_LOCALIDAD": 16358,
    "NOM_LOCALIDAD": "ANGOSTURA",
    "COD_PROVINCIA": "U",
    "FE_ALTA": "2000-06-12T00:00:00",
    "COD_ESTADO": "A",
    "FE_ULT_ACT": "2000-06-12T00:00:00",
    "COD_DDN": ""
  },
  {
    "COD_LOCALIDAD": 16359,
    "NOM_LOCALIDAD": "ANGOSTURA SEGUNDA",
    "COD_PROVINCIA": "U",
    "FE_ALTA": "2000-06-12T00:00:00",
    "COD_ESTADO": "A",
    "FE_ULT_ACT": "2000-06-12T00:00:00",
    "COD_DDN": ""
  },
  {
    "COD_LOCALIDAD": 16360,
    "NOM_LOCALIDAD": "ARENOSO",
    "COD_PROVINCIA": "U",
    "FE_ALTA": "2000-06-12T00:00:00",
    "COD_ESTADO": "A",
    "FE_ULT_ACT": "2000-06-12T00:00:00",
    "COD_DDN": ""
  },
  {
    "COD_LOCALIDAD": 16361,
    "NOM_LOCALIDAD": "ARROYO CHALIA",
    "COD_PROVINCIA": "U",
    "FE_ALTA": "2000-06-12T00:00:00",
    "COD_ESTADO": "A",
    "FE_ULT_ACT": "2000-06-12T00:00:00",
    "COD_DDN": ""
  },
  {
    "COD_LOCALIDAD": 16362,
    "NOM_LOCALIDAD": "ARROYO GATO",
    "COD_PROVINCIA": "U",
    "FE_ALTA": "2000-06-12T00:00:00",
    "COD_ESTADO": "A",
    "FE_ULT_ACT": "2000-06-12T00:00:00",
    "COD_DDN": ""
  },
  {
    "COD_LOCALIDAD": 16363,
    "NOM_LOCALIDAD": "ARROYO GUILAIA",
    "COD_PROVINCIA": "U",
    "FE_ALTA": "2000-06-12T00:00:00",
    "COD_ESTADO": "A",
    "FE_ULT_ACT": "2000-06-12T00:00:00",
    "COD_DDN": ""
  },
  {
    "COD_LOCALIDAD": 16364,
    "NOM_LOCALIDAD": "ARROYO PERCY",
    "COD_PROVINCIA": "U",
    "FE_ALTA": "2000-06-12T00:00:00",
    "COD_ESTADO": "A",
    "FE_ULT_ACT": "2000-06-12T00:00:00",
    "COD_DDN": ""
  },
  {
    "COD_LOCALIDAD": 16365,
    "NOM_LOCALIDAD": "ARROYO PESCADO",
    "COD_PROVINCIA": "U",
    "FE_ALTA": "2000-06-12T00:00:00",
    "COD_ESTADO": "A",
    "FE_ULT_ACT": "2000-06-12T00:00:00",
    "COD_DDN": ""
  },
  {
    "COD_LOCALIDAD": 16366,
    "NOM_LOCALIDAD": "ARROYO QUILLA",
    "COD_PROVINCIA": "U",
    "FE_ALTA": "2000-06-12T00:00:00",
    "COD_ESTADO": "A",
    "FE_ULT_ACT": "2000-06-12T00:00:00",
    "COD_DDN": ""
  },
  {
    "COD_LOCALIDAD": 16367,
    "NOM_LOCALIDAD": "ARROYO VERDE",
    "COD_PROVINCIA": "U",
    "FE_ALTA": "2000-06-12T00:00:00",
    "COD_ESTADO": "A",
    "FE_ULT_ACT": "2000-06-12T00:00:00",
    "COD_DDN": ""
  },
  {
    "COD_LOCALIDAD": 16368,
    "NOM_LOCALIDAD": "BAHIA BUSTAMANTE",
    "COD_PROVINCIA": "U",
    "FE_ALTA": "2000-06-12T00:00:00",
    "COD_ESTADO": "A",
    "FE_ULT_ACT": "2015-01-07T13:36:13.999907",
    "COD_DDN": "0297"
  },
  {
    "COD_LOCALIDAD": 16369,
    "NOM_LOCALIDAD": "BAHIA CRACHER",
    "COD_PROVINCIA": "U",
    "FE_ALTA": "2000-06-12T00:00:00",
    "COD_ESTADO": "A",
    "FE_ULT_ACT": "2000-06-12T00:00:00",
    "COD_DDN": ""
  },
  {
    "COD_LOCALIDAD": 16370,
    "NOM_LOCALIDAD": "BAHIA SOLANO",
    "COD_PROVINCIA": "U",
    "FE_ALTA": "2000-06-12T00:00:00",
    "COD_ESTADO": "A",
    "FE_ULT_ACT": "2000-06-12T00:00:00",
    "COD_DDN": ""
  },
  {
    "COD_LOCALIDAD": 16371,
    "NOM_LOCALIDAD": "BAJADA DEL DIABLO",
    "COD_PROVINCIA": "U",
    "FE_ALTA": "2000-06-12T00:00:00",
    "COD_ESTADO": "A",
    "FE_ULT_ACT": "2000-06-12T00:00:00",
    "COD_DDN": ""
  },
  {
    "COD_LOCALIDAD": 16372,
    "NOM_LOCALIDAD": "BAJADA MORENO",
    "COD_PROVINCIA": "U",
    "FE_ALTA": "2000-06-12T00:00:00",
    "COD_ESTADO": "A",
    "FE_ULT_ACT": "2000-06-12T00:00:00",
    "COD_DDN": ""
  },
  {
    "COD_LOCALIDAD": 16373,
    "NOM_LOCALIDAD": "BAJO BARTOLO",
    "COD_PROVINCIA": "U",
    "FE_ALTA": "2000-06-12T00:00:00",
    "COD_ESTADO": "A",
    "FE_ULT_ACT": "2000-06-12T00:00:00",
    "COD_DDN": ""
  },
  {
    "COD_LOCALIDAD": 16374,
    "NOM_LOCALIDAD": "BAJO DE LOS HUESOS",
    "COD_PROVINCIA": "U",
    "FE_ALTA": "2000-06-12T00:00:00",
    "COD_ESTADO": "A",
    "FE_ULT_ACT": "2000-06-12T00:00:00",
    "COD_DDN": ""
  },
  {
    "COD_LOCALIDAD": 16375,
    "NOM_LOCALIDAD": "BAJO DEL GUALICHO",
    "COD_PROVINCIA": "U",
    "FE_ALTA": "2000-06-12T00:00:00",
    "COD_ESTADO": "A",
    "FE_ULT_ACT": "2000-06-12T00:00:00",
    "COD_DDN": ""
  },
  {
    "COD_LOCALIDAD": 16376,
    "NOM_LOCALIDAD": "BAJO LA CANCHA",
    "COD_PROVINCIA": "U",
    "FE_ALTA": "2000-06-12T00:00:00",
    "COD_ESTADO": "A",
    "FE_ULT_ACT": "2000-06-12T00:00:00",
    "COD_DDN": ""
  },
  {
    "COD_LOCALIDAD": 16377,
    "NOM_LOCALIDAD": "BAJO LAS DAMAJUANAS",
    "COD_PROVINCIA": "U",
    "FE_ALTA": "2000-06-12T00:00:00",
    "COD_ESTADO": "A",
    "FE_ULT_ACT": "2000-06-12T00:00:00",
    "COD_DDN": ""
  },
  {
    "COD_LOCALIDAD": 16378,
    "NOM_LOCALIDAD": "BARRIO ASTRA",
    "COD_PROVINCIA": "U",
    "FE_ALTA": "2000-06-12T00:00:00",
    "COD_ESTADO": "A",
    "FE_ULT_ACT": "2000-06-12T00:00:00",
    "COD_DDN": ""
  },
  {
    "COD_LOCALIDAD": 16379,
    "NOM_LOCALIDAD": "BASE AERONAVAL ALMIRANTE IRIZA",
    "COD_PROVINCIA": "U",
    "FE_ALTA": "2000-06-12T00:00:00",
    "COD_ESTADO": "A",
    "FE_ULT_ACT": "2000-06-12T00:00:00",
    "COD_DDN": ""
  },
  {
    "COD_LOCALIDAD": 16380,
    "NOM_LOCALIDAD": "BETESTA",
    "COD_PROVINCIA": "U",
    "FE_ALTA": "2000-06-12T00:00:00",
    "COD_ESTADO": "A",
    "FE_ULT_ACT": "2000-06-12T00:00:00",
    "COD_DDN": ""
  },
  {
    "COD_LOCALIDAD": 16381,
    "NOM_LOCALIDAD": "BOCA DE LA ZANJA",
    "COD_PROVINCIA": "U",
    "FE_ALTA": "2000-06-12T00:00:00",
    "COD_ESTADO": "A",
    "FE_ULT_ACT": "2000-06-12T00:00:00",
    "COD_DDN": ""
  },
  {
    "COD_LOCALIDAD": 16382,
    "NOM_LOCALIDAD": "BOCA ZANJA SUD",
    "COD_PROVINCIA": "U",
    "FE_ALTA": "2000-06-12T00:00:00",
    "COD_ESTADO": "A",
    "FE_ULT_ACT": "2000-06-12T00:00:00",
    "COD_DDN": ""
  },
  {
    "COD_LOCALIDAD": 16383,
    "NOM_LOCALIDAD": "BRYN BROWN",
    "COD_PROVINCIA": "U",
    "FE_ALTA": "2000-06-12T00:00:00",
    "COD_ESTADO": "A",
    "FE_ULT_ACT": "2000-06-12T00:00:00",
    "COD_DDN": ""
  },
  {
    "COD_LOCALIDAD": 16384,
    "NOM_LOCALIDAD": "BRYN GWYN",
    "COD_PROVINCIA": "U",
    "FE_ALTA": "2000-06-12T00:00:00",
    "COD_ESTADO": "A",
    "FE_ULT_ACT": "2000-06-12T00:00:00",
    "COD_DDN": ""
  },
  {
    "COD_LOCALIDAD": 16385,
    "NOM_LOCALIDAD": "BUEN PASTO",
    "COD_PROVINCIA": "U",
    "FE_ALTA": "2000-06-12T00:00:00",
    "COD_ESTADO": "A",
    "FE_ULT_ACT": "2015-01-07T13:36:14.000033",
    "COD_DDN": "2945"
  },
  {
    "COD_LOCALIDAD": 16386,
    "NOM_LOCALIDAD": "BUENOS AIRES CHICO",
    "COD_PROVINCIA": "U",
    "FE_ALTA": "2000-06-12T00:00:00",
    "COD_ESTADO": "A",
    "FE_ULT_ACT": "2000-06-12T00:00:00",
    "COD_DDN": ""
  },
  {
    "COD_LOCALIDAD": 16387,
    "NOM_LOCALIDAD": "CABAÑA DEL VALLE",
    "COD_PROVINCIA": "U",
    "FE_ALTA": "2000-06-12T00:00:00",
    "COD_ESTADO": "A",
    "FE_ULT_ACT": "2000-06-12T00:00:00",
    "COD_DDN": ""
  },
  {
    "COD_LOCALIDAD": 16388,
    "NOM_LOCALIDAD": "CABEZA DE BUEY",
    "COD_PROVINCIA": "U",
    "FE_ALTA": "2000-06-12T00:00:00",
    "COD_ESTADO": "A",
    "FE_ULT_ACT": "2000-06-12T00:00:00",
    "COD_DDN": ""
  },
  {
    "COD_LOCALIDAD": 16389,
    "NOM_LOCALIDAD": "CABO RASO",
    "COD_PROVINCIA": "U",
    "FE_ALTA": "2000-06-12T00:00:00",
    "COD_ESTADO": "A",
    "FE_ULT_ACT": "2000-06-12T00:00:00",
    "COD_DDN": ""
  },
  {
    "COD_LOCALIDAD": 16390,
    "NOM_LOCALIDAD": "CACHEL",
    "COD_PROVINCIA": "U",
    "FE_ALTA": "2000-06-12T00:00:00",
    "COD_ESTADO": "A",
    "FE_ULT_ACT": "2000-06-12T00:00:00",
    "COD_DDN": ""
  },
  {
    "COD_LOCALIDAD": 16391,
    "NOM_LOCALIDAD": "CAJON DE GINEBRA CHICO",
    "COD_PROVINCIA": "U",
    "FE_ALTA": "2000-06-12T00:00:00",
    "COD_ESTADO": "A",
    "FE_ULT_ACT": "2000-06-12T00:00:00",
    "COD_DDN": ""
  },
  {
    "COD_LOCALIDAD": 16392,
    "NOM_LOCALIDAD": "CAJON DE GINEBRA GRANDE",
    "COD_PROVINCIA": "U",
    "FE_ALTA": "2000-06-12T00:00:00",
    "COD_ESTADO": "A",
    "FE_ULT_ACT": "2000-06-12T00:00:00",
    "COD_DDN": ""
  },
  {
    "COD_LOCALIDAD": 16393,
    "NOM_LOCALIDAD": "CALETA CORDOVA",
    "COD_PROVINCIA": "U",
    "FE_ALTA": "2000-06-12T00:00:00",
    "COD_ESTADO": "A",
    "FE_ULT_ACT": "2000-06-12T00:00:00",
    "COD_DDN": ""
  },
  {
    "COD_LOCALIDAD": 16394,
    "NOM_LOCALIDAD": "CALETA VALDEZ",
    "COD_PROVINCIA": "U",
    "FE_ALTA": "2000-06-12T00:00:00",
    "COD_ESTADO": "A",
    "FE_ULT_ACT": "2000-06-12T00:00:00",
    "COD_DDN": ""
  },
  {
    "COD_LOCALIDAD": 16395,
    "NOM_LOCALIDAD": "CAMARONES",
    "COD_PROVINCIA": "U",
    "FE_ALTA": "2000-06-12T00:00:00",
    "COD_ESTADO": "A",
    "FE_ULT_ACT": "2015-01-07T13:36:14.000142",
    "COD_DDN": "0297"
  },
  {
    "COD_LOCALIDAD": 16396,
    "NOM_LOCALIDAD": "CAMPAMENTO VILLEGAS",
    "COD_PROVINCIA": "U",
    "FE_ALTA": "2000-06-12T00:00:00",
    "COD_ESTADO": "A",
    "FE_ULT_ACT": "2000-06-12T00:00:00",
    "COD_DDN": ""
  },
  {
    "COD_LOCALIDAD": 16397,
    "NOM_LOCALIDAD": "CARHUE NIYEO",
    "COD_PROVINCIA": "U",
    "FE_ALTA": "2000-06-12T00:00:00",
    "COD_ESTADO": "A",
    "FE_ULT_ACT": "2000-06-12T00:00:00",
    "COD_DDN": ""
  },
  {
    "COD_LOCALIDAD": 16398,
    "NOM_LOCALIDAD": "CARRENLEUFU",
    "COD_PROVINCIA": "U",
    "FE_ALTA": "2000-06-12T00:00:00",
    "COD_ESTADO": "A",
    "FE_ULT_ACT": "2015-01-07T13:36:14.00029",
    "COD_DDN": "2945"
  },
  {
    "COD_LOCALIDAD": 16399,
    "NOM_LOCALIDAD": "CASA BLANCA",
    "COD_PROVINCIA": "U",
    "FE_ALTA": "2000-06-12T00:00:00",
    "COD_ESTADO": "A",
    "FE_ULT_ACT": "2000-06-12T00:00:00",
    "COD_DDN": ""
  },
  {
    "COD_LOCALIDAD": 16400,
    "NOM_LOCALIDAD": "CATAYCO",
    "COD_PROVINCIA": "U",
    "FE_ALTA": "2000-06-12T00:00:00",
    "COD_ESTADO": "A",
    "FE_ULT_ACT": "2000-06-12T00:00:00",
    "COD_DDN": ""
  },
  {
    "COD_LOCALIDAD": 16401,
    "NOM_LOCALIDAD": "CAÑADA BAGUAL",
    "COD_PROVINCIA": "U",
    "FE_ALTA": "2000-06-12T00:00:00",
    "COD_ESTADO": "A",
    "FE_ULT_ACT": "2000-06-12T00:00:00",
    "COD_DDN": ""
  },
  {
    "COD_LOCALIDAD": 16402,
    "NOM_LOCALIDAD": "CAÑADON BAGUAL",
    "COD_PROVINCIA": "U",
    "FE_ALTA": "2000-06-12T00:00:00",
    "COD_ESTADO": "A",
    "FE_ULT_ACT": "2000-06-12T00:00:00",
    "COD_DDN": ""
  },
  {
    "COD_LOCALIDAD": 16403,
    "NOM_LOCALIDAD": "CAÑADON BLANCO",
    "COD_PROVINCIA": "U",
    "FE_ALTA": "2000-06-12T00:00:00",
    "COD_ESTADO": "A",
    "FE_ULT_ACT": "2000-06-12T00:00:00",
    "COD_DDN": ""
  },
  {
    "COD_LOCALIDAD": 16404,
    "NOM_LOCALIDAD": "CAÑADON CALIENTE",
    "COD_PROVINCIA": "U",
    "FE_ALTA": "2000-06-12T00:00:00",
    "COD_ESTADO": "A",
    "FE_ULT_ACT": "2000-06-12T00:00:00",
    "COD_DDN": ""
  },
  {
    "COD_LOCALIDAD": 16405,
    "NOM_LOCALIDAD": "CAÑADON CARRIL",
    "COD_PROVINCIA": "U",
    "FE_ALTA": "2000-06-12T00:00:00",
    "COD_ESTADO": "A",
    "FE_ULT_ACT": "2000-06-12T00:00:00",
    "COD_DDN": ""
  },
  {
    "COD_LOCALIDAD": 16406,
    "NOM_LOCALIDAD": "CAÑADON CHACAY",
    "COD_PROVINCIA": "U",
    "FE_ALTA": "2000-06-12T00:00:00",
    "COD_ESTADO": "A",
    "FE_ULT_ACT": "2000-06-12T00:00:00",
    "COD_DDN": ""
  },
  {
    "COD_LOCALIDAD": 16407,
    "NOM_LOCALIDAD": "CAÑADON CHILENO",
    "COD_PROVINCIA": "U",
    "FE_ALTA": "2000-06-12T00:00:00",
    "COD_ESTADO": "A",
    "FE_ULT_ACT": "2000-06-12T00:00:00",
    "COD_DDN": ""
  },
  {
    "COD_LOCALIDAD": 16408,
    "NOM_LOCALIDAD": "CAÑADON FERRAIS",
    "COD_PROVINCIA": "U",
    "FE_ALTA": "2000-06-12T00:00:00",
    "COD_ESTADO": "A",
    "FE_ULT_ACT": "2000-06-12T00:00:00",
    "COD_DDN": ""
  },
  {
    "COD_LOCALIDAD": 16409,
    "NOM_LOCALIDAD": "CAÑADON GRANDE",
    "COD_PROVINCIA": "U",
    "FE_ALTA": "2000-06-12T00:00:00",
    "COD_ESTADO": "A",
    "FE_ULT_ACT": "2000-06-12T00:00:00",
    "COD_DDN": ""
  },
  {
    "COD_LOCALIDAD": 16410,
    "NOM_LOCALIDAD": "CAÑADON LA MADERA",
    "COD_PROVINCIA": "U",
    "FE_ALTA": "2000-06-12T00:00:00",
    "COD_ESTADO": "A",
    "FE_ULT_ACT": "2000-06-12T00:00:00",
    "COD_DDN": ""
  },
  {
    "COD_LOCALIDAD": 16411,
    "NOM_LOCALIDAD": "CAÑADON LAGARTO",
    "COD_PROVINCIA": "U",
    "FE_ALTA": "2000-06-12T00:00:00",
    "COD_ESTADO": "A",
    "FE_ULT_ACT": "2000-06-12T00:00:00",
    "COD_DDN": ""
  },
  {
    "COD_LOCALIDAD": 16412,
    "NOM_LOCALIDAD": "CAÑADON LOPEZ",
    "COD_PROVINCIA": "U",
    "FE_ALTA": "2000-06-12T00:00:00",
    "COD_ESTADO": "A",
    "FE_ULT_ACT": "2000-06-12T00:00:00",
    "COD_DDN": ""
  },
  {
    "COD_LOCALIDAD": 16413,
    "NOM_LOCALIDAD": "CAÑADON PEDRO EX VALLE HERMOSO",
    "COD_PROVINCIA": "U",
    "FE_ALTA": "2000-06-12T00:00:00",
    "COD_ESTADO": "A",
    "FE_ULT_ACT": "2000-06-12T00:00:00",
    "COD_DDN": ""
  },
  {
    "COD_LOCALIDAD": 16414,
    "NOM_LOCALIDAD": "CAÑADON TACHO",
    "COD_PROVINCIA": "U",
    "FE_ALTA": "2000-06-12T00:00:00",
    "COD_ESTADO": "A",
    "FE_ULT_ACT": "2000-06-12T00:00:00",
    "COD_DDN": ""
  },
  {
    "COD_LOCALIDAD": 16415,
    "NOM_LOCALIDAD": "CERRO CENTINELA",
    "COD_PROVINCIA": "U",
    "FE_ALTA": "2000-06-12T00:00:00",
    "COD_ESTADO": "A",
    "FE_ULT_ACT": "2015-01-07T13:36:14.000457",
    "COD_DDN": "2945"
  },
  {
    "COD_LOCALIDAD": 16416,
    "NOM_LOCALIDAD": "CERRO CONDOR",
    "COD_PROVINCIA": "U",
    "FE_ALTA": "2000-06-12T00:00:00",
    "COD_ESTADO": "A",
    "FE_ULT_ACT": "2015-01-07T13:36:14.000578",
    "COD_DDN": "0280"
  },
  {
    "COD_LOCALIDAD": 16417,
    "NOM_LOCALIDAD": "CERRO FOFOCAHUEL",
    "COD_PROVINCIA": "U",
    "FE_ALTA": "2000-06-12T00:00:00",
    "COD_ESTADO": "A",
    "FE_ULT_ACT": "2000-06-12T00:00:00",
    "COD_DDN": ""
  },
  {
    "COD_LOCALIDAD": 16418,
    "NOM_LOCALIDAD": "CERRO LONCO TRAPIAL",
    "COD_PROVINCIA": "U",
    "FE_ALTA": "2000-06-12T00:00:00",
    "COD_ESTADO": "A",
    "FE_ULT_ACT": "2000-06-12T00:00:00",
    "COD_DDN": ""
  },
  {
    "COD_LOCALIDAD": 16419,
    "NOM_LOCALIDAD": "CERRO MALLACO",
    "COD_PROVINCIA": "U",
    "FE_ALTA": "2000-06-12T00:00:00",
    "COD_ESTADO": "A",
    "FE_ULT_ACT": "2000-06-12T00:00:00",
    "COD_DDN": ""
  },
  {
    "COD_LOCALIDAD": 16420,
    "NOM_LOCALIDAD": "CERRO NEGRO",
    "COD_PROVINCIA": "U",
    "FE_ALTA": "2000-06-12T00:00:00",
    "COD_ESTADO": "A",
    "FE_ULT_ACT": "2000-06-12T00:00:00",
    "COD_DDN": ""
  },
  {
    "COD_LOCALIDAD": 16421,
    "NOM_LOCALIDAD": "CERRO PICHALAO",
    "COD_PROVINCIA": "U",
    "FE_ALTA": "2000-06-12T00:00:00",
    "COD_ESTADO": "A",
    "FE_ULT_ACT": "2000-06-12T00:00:00",
    "COD_DDN": ""
  },
  {
    "COD_LOCALIDAD": 16422,
    "NOM_LOCALIDAD": "CERRO RADAL",
    "COD_PROVINCIA": "U",
    "FE_ALTA": "2000-06-12T00:00:00",
    "COD_ESTADO": "A",
    "FE_ULT_ACT": "2000-06-12T00:00:00",
    "COD_DDN": ""
  },
  {
    "COD_LOCALIDAD": 16423,
    "NOM_LOCALIDAD": "CERRO SANTA ANA",
    "COD_PROVINCIA": "U",
    "FE_ALTA": "2000-06-12T00:00:00",
    "COD_ESTADO": "A",
    "FE_ULT_ACT": "2000-06-12T00:00:00",
    "COD_DDN": ""
  },
  {
    "COD_LOCALIDAD": 16424,
    "NOM_LOCALIDAD": "CHACAY ESTE",
    "COD_PROVINCIA": "U",
    "FE_ALTA": "2000-06-12T00:00:00",
    "COD_ESTADO": "A",
    "FE_ULT_ACT": "2000-06-12T00:00:00",
    "COD_DDN": ""
  },
  {
    "COD_LOCALIDAD": 16425,
    "NOM_LOCALIDAD": "CHACAY OESTE",
    "COD_PROVINCIA": "U",
    "FE_ALTA": "2000-06-12T00:00:00",
    "COD_ESTADO": "A",
    "FE_ULT_ACT": "2015-01-07T13:36:14.000767",
    "COD_DDN": "0280"
  },
  {
    "COD_LOCALIDAD": 16426,
    "NOM_LOCALIDAD": "CHACRA DE AUSTIN",
    "COD_PROVINCIA": "U",
    "FE_ALTA": "2000-06-12T00:00:00",
    "COD_ESTADO": "A",
    "FE_ULT_ACT": "2000-06-12T00:00:00",
    "COD_DDN": ""
  },
  {
    "COD_LOCALIDAD": 16427,
    "NOM_LOCALIDAD": "CHARQUE CHICO",
    "COD_PROVINCIA": "U",
    "FE_ALTA": "2000-06-12T00:00:00",
    "COD_ESTADO": "A",
    "FE_ULT_ACT": "2000-06-12T00:00:00",
    "COD_DDN": ""
  },
  {
    "COD_LOCALIDAD": 16428,
    "NOM_LOCALIDAD": "CHASICO",
    "COD_PROVINCIA": "U",
    "FE_ALTA": "2000-06-12T00:00:00",
    "COD_ESTADO": "A",
    "FE_ULT_ACT": "2000-06-12T00:00:00",
    "COD_DDN": ""
  },
  {
    "COD_LOCALIDAD": 16429,
    "NOM_LOCALIDAD": "CHOLILA",
    "COD_PROVINCIA": "U",
    "FE_ALTA": "2000-06-12T00:00:00",
    "COD_ESTADO": "A",
    "FE_ULT_ACT": "2015-01-07T13:36:14.000897",
    "COD_DDN": "2945"
  },
  {
    "COD_LOCALIDAD": 16430,
    "NOM_LOCALIDAD": "COLANCONHUE",
    "COD_PROVINCIA": "U",
    "FE_ALTA": "2000-06-12T00:00:00",
    "COD_ESTADO": "A",
    "FE_ULT_ACT": "2000-06-12T00:00:00",
    "COD_DDN": ""
  },
  {
    "COD_LOCALIDAD": 16431,
    "NOM_LOCALIDAD": "COLELACHE",
    "COD_PROVINCIA": "U",
    "FE_ALTA": "2000-06-12T00:00:00",
    "COD_ESTADO": "A",
    "FE_ULT_ACT": "2000-06-12T00:00:00",
    "COD_DDN": ""
  },
  {
    "COD_LOCALIDAD": 16432,
    "NOM_LOCALIDAD": "COLHUE HUAPI",
    "COD_PROVINCIA": "U",
    "FE_ALTA": "2000-06-12T00:00:00",
    "COD_ESTADO": "A",
    "FE_ULT_ACT": "2000-06-12T00:00:00",
    "COD_DDN": ""
  },
  {
    "COD_LOCALIDAD": 16433,
    "NOM_LOCALIDAD": "COLONIA CUSHAMEN",
    "COD_PROVINCIA": "U",
    "FE_ALTA": "2000-06-12T00:00:00",
    "COD_ESTADO": "A",
    "FE_ULT_ACT": "2000-06-12T00:00:00",
    "COD_DDN": ""
  },
  {
    "COD_LOCALIDAD": 16434,
    "NOM_LOCALIDAD": "COLONIA EPULIEF",
    "COD_PROVINCIA": "U",
    "FE_ALTA": "2000-06-12T00:00:00",
    "COD_ESTADO": "A",
    "FE_ULT_ACT": "2000-06-12T00:00:00",
    "COD_DDN": ""
  },
  {
    "COD_LOCALIDAD": 16435,
    "NOM_LOCALIDAD": "COLONIA GERMANIA",
    "COD_PROVINCIA": "U",
    "FE_ALTA": "2000-06-12T00:00:00",
    "COD_ESTADO": "A",
    "FE_ULT_ACT": "2000-06-12T00:00:00",
    "COD_DDN": ""
  },
  {
    "COD_LOCALIDAD": 16436,
    "NOM_LOCALIDAD": "COLONIA 16 DE OCTUBRE",
    "COD_PROVINCIA": "U",
    "FE_ALTA": "2000-06-12T00:00:00",
    "COD_ESTADO": "A",
    "FE_ULT_ACT": "2000-06-12T00:00:00",
    "COD_DDN": ""
  },
  {
    "COD_LOCALIDAD": 16437,
    "NOM_LOCALIDAD": "COMODORO RIVADAVIA",
    "COD_PROVINCIA": "U",
    "FE_ALTA": "2000-06-12T00:00:00",
    "COD_ESTADO": "A",
    "FE_ULT_ACT": "2015-01-07T13:36:14.001028",
    "COD_DDN": "0297"
  },
  {
    "COD_LOCALIDAD": 16438,
    "NOM_LOCALIDAD": "CORCOVADO",
    "COD_PROVINCIA": "U",
    "FE_ALTA": "2000-06-12T00:00:00",
    "COD_ESTADO": "A",
    "FE_ULT_ACT": "2015-01-07T13:36:14.001152",
    "COD_DDN": "2945"
  },
  {
    "COD_LOCALIDAD": 16439,
    "NOM_LOCALIDAD": "CORRALITOS",
    "COD_PROVINCIA": "U",
    "FE_ALTA": "2000-06-12T00:00:00",
    "COD_ESTADO": "A",
    "FE_ULT_ACT": "2000-06-12T00:00:00",
    "COD_DDN": ""
  },
  {
    "COD_LOCALIDAD": 16440,
    "NOM_LOCALIDAD": "COSTA CHUBUT",
    "COD_PROVINCIA": "U",
    "FE_ALTA": "2000-06-12T00:00:00",
    "COD_ESTADO": "A",
    "FE_ULT_ACT": "2000-06-12T00:00:00",
    "COD_DDN": ""
  },
  {
    "COD_LOCALIDAD": 16441,
    "NOM_LOCALIDAD": "COSTA DEL LEPA",
    "COD_PROVINCIA": "U",
    "FE_ALTA": "2000-06-12T00:00:00",
    "COD_ESTADO": "A",
    "FE_ULT_ACT": "2000-06-12T00:00:00",
    "COD_DDN": ""
  },
  {
    "COD_LOCALIDAD": 16442,
    "NOM_LOCALIDAD": "COSTA RIO CHICO",
    "COD_PROVINCIA": "U",
    "FE_ALTA": "2000-06-12T00:00:00",
    "COD_ESTADO": "A",
    "FE_ULT_ACT": "2000-06-12T00:00:00",
    "COD_DDN": ""
  },
  {
    "COD_LOCALIDAD": 16443,
    "NOM_LOCALIDAD": "CUSHAMEN",
    "COD_PROVINCIA": "U",
    "FE_ALTA": "2000-06-12T00:00:00",
    "COD_ESTADO": "A",
    "FE_ULT_ACT": "2015-01-07T13:36:14.001261",
    "COD_DDN": "2945"
  },
  {
    "COD_LOCALIDAD": 16444,
    "NOM_LOCALIDAD": "DIQUE FLORENTINO AMEGHINO",
    "COD_PROVINCIA": "U",
    "FE_ALTA": "2000-06-12T00:00:00",
    "COD_ESTADO": "A",
    "FE_ULT_ACT": "2015-01-07T13:36:14.001367",
    "COD_DDN": "0280"
  },
  {
    "COD_LOCALIDAD": 16445,
    "NOM_LOCALIDAD": "DOCTOR RICARDO ROJAS",
    "COD_PROVINCIA": "U",
    "FE_ALTA": "2000-06-12T00:00:00",
    "COD_ESTADO": "A",
    "FE_ULT_ACT": "2015-01-07T13:36:14.001491",
    "COD_DDN": "2903"
  },
  {
    "COD_LOCALIDAD": 16446,
    "NOM_LOCALIDAD": "DOLAVON",
    "COD_PROVINCIA": "U",
    "FE_ALTA": "2000-06-12T00:00:00",
    "COD_ESTADO": "A",
    "FE_ULT_ACT": "2015-01-07T13:36:14.001597",
    "COD_DDN": "0280"
  },
  {
    "COD_LOCALIDAD": 16447,
    "NOM_LOCALIDAD": "DOS POZOS",
    "COD_PROVINCIA": "U",
    "FE_ALTA": "2000-06-12T00:00:00",
    "COD_ESTADO": "A",
    "FE_ULT_ACT": "2000-06-12T00:00:00",
    "COD_DDN": ""
  },
  {
    "COD_LOCALIDAD": 16448,
    "NOM_LOCALIDAD": "EBENECER",
    "COD_PROVINCIA": "U",
    "FE_ALTA": "2000-06-12T00:00:00",
    "COD_ESTADO": "A",
    "FE_ULT_ACT": "2000-06-12T00:00:00",
    "COD_DDN": ""
  },
  {
    "COD_LOCALIDAD": 16449,
    "NOM_LOCALIDAD": "EL ALAMO",
    "COD_PROVINCIA": "U",
    "FE_ALTA": "2000-06-12T00:00:00",
    "COD_ESTADO": "A",
    "FE_ULT_ACT": "2000-06-12T00:00:00",
    "COD_DDN": ""
  },
  {
    "COD_LOCALIDAD": 16450,
    "NOM_LOCALIDAD": "EL ARGENTINO",
    "COD_PROVINCIA": "U",
    "FE_ALTA": "2000-06-12T00:00:00",
    "COD_ESTADO": "A",
    "FE_ULT_ACT": "2000-06-12T00:00:00",
    "COD_DDN": ""
  },
  {
    "COD_LOCALIDAD": 16451,
    "NOM_LOCALIDAD": "EL BOQUETE",
    "COD_PROVINCIA": "U",
    "FE_ALTA": "2000-06-12T00:00:00",
    "COD_ESTADO": "A",
    "FE_ULT_ACT": "2000-06-12T00:00:00",
    "COD_DDN": ""
  },
  {
    "COD_LOCALIDAD": 16452,
    "NOM_LOCALIDAD": "EL CAJON",
    "COD_PROVINCIA": "U",
    "FE_ALTA": "2000-06-12T00:00:00",
    "COD_ESTADO": "A",
    "FE_ULT_ACT": "2000-06-12T00:00:00",
    "COD_DDN": ""
  },
  {
    "COD_LOCALIDAD": 16453,
    "NOM_LOCALIDAD": "EL CALAFATE",
    "COD_PROVINCIA": "U",
    "FE_ALTA": "2000-06-12T00:00:00",
    "COD_ESTADO": "A",
    "FE_ULT_ACT": "2000-06-12T00:00:00",
    "COD_DDN": ""
  },
  {
    "COD_LOCALIDAD": 16454,
    "NOM_LOCALIDAD": "EL CANQUEL",
    "COD_PROVINCIA": "U",
    "FE_ALTA": "2000-06-12T00:00:00",
    "COD_ESTADO": "A",
    "FE_ULT_ACT": "2000-06-12T00:00:00",
    "COD_DDN": ""
  },
  {
    "COD_LOCALIDAD": 16455,
    "NOM_LOCALIDAD": "EL CHACAY DPTO GASTRE",
    "COD_PROVINCIA": "U",
    "FE_ALTA": "2000-06-12T00:00:00",
    "COD_ESTADO": "A",
    "FE_ULT_ACT": "2007-09-18T13:23:08.751372",
    "COD_DDN": ""
  },
  {
    "COD_LOCALIDAD": 16456,
    "NOM_LOCALIDAD": "EL CHALET",
    "COD_PROVINCIA": "U",
    "FE_ALTA": "2000-06-12T00:00:00",
    "COD_ESTADO": "A",
    "FE_ULT_ACT": "2000-06-12T00:00:00",
    "COD_DDN": ""
  },
  {
    "COD_LOCALIDAD": 16457,
    "NOM_LOCALIDAD": "EL CHERQUE",
    "COD_PROVINCIA": "U",
    "FE_ALTA": "2000-06-12T00:00:00",
    "COD_ESTADO": "A",
    "FE_ULT_ACT": "2000-06-12T00:00:00",
    "COD_DDN": ""
  },
  {
    "COD_LOCALIDAD": 16458,
    "NOM_LOCALIDAD": "EL COIHUE",
    "COD_PROVINCIA": "U",
    "FE_ALTA": "2000-06-12T00:00:00",
    "COD_ESTADO": "A",
    "FE_ULT_ACT": "2000-06-12T00:00:00",
    "COD_DDN": ""
  },
  {
    "COD_LOCALIDAD": 16459,
    "NOM_LOCALIDAD": "EL COITE",
    "COD_PROVINCIA": "U",
    "FE_ALTA": "2000-06-12T00:00:00",
    "COD_ESTADO": "A",
    "FE_ULT_ACT": "2000-06-12T00:00:00",
    "COD_DDN": ""
  },
  {
    "COD_LOCALIDAD": 16460,
    "NOM_LOCALIDAD": "EL CRONOMETRO",
    "COD_PROVINCIA": "U",
    "FE_ALTA": "2000-06-12T00:00:00",
    "COD_ESTADO": "A",
    "FE_ULT_ACT": "2000-06-12T00:00:00",
    "COD_DDN": ""
  },
  {
    "COD_LOCALIDAD": 16461,
    "NOM_LOCALIDAD": "EL CUCHE",
    "COD_PROVINCIA": "U",
    "FE_ALTA": "2000-06-12T00:00:00",
    "COD_ESTADO": "A",
    "FE_ULT_ACT": "2000-06-12T00:00:00",
    "COD_DDN": ""
  },
  {
    "COD_LOCALIDAD": 16462,
    "NOM_LOCALIDAD": "EL DESEMPEÑO",
    "COD_PROVINCIA": "U",
    "FE_ALTA": "2000-06-12T00:00:00",
    "COD_ESTADO": "A",
    "FE_ULT_ACT": "2000-06-12T00:00:00",
    "COD_DDN": ""
  },
  {
    "COD_LOCALIDAD": 16463,
    "NOM_LOCALIDAD": "EL ESCORIAL",
    "COD_PROVINCIA": "U",
    "FE_ALTA": "2000-06-12T00:00:00",
    "COD_ESTADO": "A",
    "FE_ULT_ACT": "2015-01-07T13:36:14.001723",
    "COD_DDN": "0280"
  },
  {
    "COD_LOCALIDAD": 16464,
    "NOM_LOCALIDAD": "EL HOYO",
    "COD_PROVINCIA": "U",
    "FE_ALTA": "2000-06-12T00:00:00",
    "COD_ESTADO": "A",
    "FE_ULT_ACT": "2000-06-12T00:00:00",
    "COD_DDN": ""
  },
  {
    "COD_LOCALIDAD": 16465,
    "NOM_LOCALIDAD": "EL JAGUEL",
    "COD_PROVINCIA": "U",
    "FE_ALTA": "2000-06-12T00:00:00",
    "COD_ESTADO": "A",
    "FE_ULT_ACT": "2000-06-12T00:00:00",
    "COD_DDN": ""
  },
  {
    "COD_LOCALIDAD": 16466,
    "NOM_LOCALIDAD": "EL KAQUEL",
    "COD_PROVINCIA": "U",
    "FE_ALTA": "2000-06-12T00:00:00",
    "COD_ESTADO": "A",
    "FE_ULT_ACT": "2000-06-12T00:00:00",
    "COD_DDN": ""
  },
  {
    "COD_LOCALIDAD": 16467,
    "NOM_LOCALIDAD": "EL MAITEN",
    "COD_PROVINCIA": "U",
    "FE_ALTA": "2000-06-12T00:00:00",
    "COD_ESTADO": "A",
    "FE_ULT_ACT": "2015-01-07T13:36:14.001855",
    "COD_DDN": "2945"
  },
  {
    "COD_LOCALIDAD": 16468,
    "NOM_LOCALIDAD": "EL MIRADOR",
    "COD_PROVINCIA": "U",
    "FE_ALTA": "2000-06-12T00:00:00",
    "COD_ESTADO": "A",
    "FE_ULT_ACT": "2000-06-12T00:00:00",
    "COD_DDN": ""
  },
  {
    "COD_LOCALIDAD": 16469,
    "NOM_LOCALIDAD": "EL MIRASOL",
    "COD_PROVINCIA": "U",
    "FE_ALTA": "2000-06-12T00:00:00",
    "COD_ESTADO": "A",
    "FE_ULT_ACT": "2015-01-07T13:36:14.001969",
    "COD_DDN": "0280"
  },
  {
    "COD_LOCALIDAD": 16470,
    "NOM_LOCALIDAD": "EL MOLLE",
    "COD_PROVINCIA": "U",
    "FE_ALTA": "2000-06-12T00:00:00",
    "COD_ESTADO": "A",
    "FE_ULT_ACT": "2000-06-12T00:00:00",
    "COD_DDN": ""
  },
  {
    "COD_LOCALIDAD": 16471,
    "NOM_LOCALIDAD": "EL PAJARITO",
    "COD_PROVINCIA": "U",
    "FE_ALTA": "2000-06-12T00:00:00",
    "COD_ESTADO": "A",
    "FE_ULT_ACT": "2000-06-12T00:00:00",
    "COD_DDN": ""
  },
  {
    "COD_LOCALIDAD": 16472,
    "NOM_LOCALIDAD": "EL PASTIZAL",
    "COD_PROVINCIA": "U",
    "FE_ALTA": "2000-06-12T00:00:00",
    "COD_ESTADO": "A",
    "FE_ULT_ACT": "2000-06-12T00:00:00",
    "COD_DDN": ""
  },
  {
    "COD_LOCALIDAD": 16473,
    "NOM_LOCALIDAD": "EL PIQUILLIN",
    "COD_PROVINCIA": "U",
    "FE_ALTA": "2000-06-12T00:00:00",
    "COD_ESTADO": "A",
    "FE_ULT_ACT": "2000-06-12T00:00:00",
    "COD_DDN": ""
  },
  {
    "COD_LOCALIDAD": 16474,
    "NOM_LOCALIDAD": "EL PORTEZUELO",
    "COD_PROVINCIA": "U",
    "FE_ALTA": "2000-06-12T00:00:00",
    "COD_ESTADO": "A",
    "FE_ULT_ACT": "2000-06-12T00:00:00",
    "COD_DDN": ""
  },
  {
    "COD_LOCALIDAD": 16475,
    "NOM_LOCALIDAD": "EL PORVENIR",
    "COD_PROVINCIA": "U",
    "FE_ALTA": "2000-06-12T00:00:00",
    "COD_ESTADO": "A",
    "FE_ULT_ACT": "2000-06-12T00:00:00",
    "COD_DDN": ""
  },
  {
    "COD_LOCALIDAD": 16476,
    "NOM_LOCALIDAD": "EL POYO",
    "COD_PROVINCIA": "U",
    "FE_ALTA": "2000-06-12T00:00:00",
    "COD_ESTADO": "A",
    "FE_ULT_ACT": "2000-06-12T00:00:00",
    "COD_DDN": ""
  },
  {
    "COD_LOCALIDAD": 16477,
    "NOM_LOCALIDAD": "EL QUILIMUAY",
    "COD_PROVINCIA": "U",
    "FE_ALTA": "2000-06-12T00:00:00",
    "COD_ESTADO": "A",
    "FE_ULT_ACT": "2000-06-12T00:00:00",
    "COD_DDN": ""
  },
  {
    "COD_LOCALIDAD": 16478,
    "NOM_LOCALIDAD": "EL RUANO",
    "COD_PROVINCIA": "U",
    "FE_ALTA": "2000-06-12T00:00:00",
    "COD_ESTADO": "A",
    "FE_ULT_ACT": "2000-06-12T00:00:00",
    "COD_DDN": ""
  },
  {
    "COD_LOCALIDAD": 16479,
    "NOM_LOCALIDAD": "EL SALITRAL",
    "COD_PROVINCIA": "U",
    "FE_ALTA": "2000-06-12T00:00:00",
    "COD_ESTADO": "A",
    "FE_ULT_ACT": "2000-06-12T00:00:00",
    "COD_DDN": ""
  },
  {
    "COD_LOCALIDAD": 16480,
    "NOM_LOCALIDAD": "EL SHAMAN",
    "COD_PROVINCIA": "U",
    "FE_ALTA": "2000-06-12T00:00:00",
    "COD_ESTADO": "A",
    "FE_ULT_ACT": "2000-06-12T00:00:00",
    "COD_DDN": ""
  },
  {
    "COD_LOCALIDAD": 16481,
    "NOM_LOCALIDAD": "EL SOMBRERO",
    "COD_PROVINCIA": "U",
    "FE_ALTA": "2000-06-12T00:00:00",
    "COD_ESTADO": "A",
    "FE_ULT_ACT": "2000-06-12T00:00:00",
    "COD_DDN": ""
  },
  {
    "COD_LOCALIDAD": 16482,
    "NOM_LOCALIDAD": "EL TRIANA",
    "COD_PROVINCIA": "U",
    "FE_ALTA": "2000-06-12T00:00:00",
    "COD_ESTADO": "A",
    "FE_ULT_ACT": "2000-06-12T00:00:00",
    "COD_DDN": ""
  },
  {
    "COD_LOCALIDAD": 16483,
    "NOM_LOCALIDAD": "EL TROPEZON",
    "COD_PROVINCIA": "U",
    "FE_ALTA": "2000-06-12T00:00:00",
    "COD_ESTADO": "A",
    "FE_ULT_ACT": "2000-06-12T00:00:00",
    "COD_DDN": ""
  },
  {
    "COD_LOCALIDAD": 16484,
    "NOM_LOCALIDAD": "EMPALME A ASTRA",
    "COD_PROVINCIA": "U",
    "FE_ALTA": "2000-06-12T00:00:00",
    "COD_ESTADO": "A",
    "FE_ULT_ACT": "2000-06-12T00:00:00",
    "COD_DDN": ""
  },
  {
    "COD_LOCALIDAD": 16485,
    "NOM_LOCALIDAD": "EMPALME PUERTO LOBOS",
    "COD_PROVINCIA": "U",
    "FE_ALTA": "2000-06-12T00:00:00",
    "COD_ESTADO": "A",
    "FE_ULT_ACT": "2000-06-12T00:00:00",
    "COD_DDN": ""
  },
  {
    "COD_LOCALIDAD": 16486,
    "NOM_LOCALIDAD": "ENRIQUE HERMITTE",
    "COD_PROVINCIA": "U",
    "FE_ALTA": "2000-06-12T00:00:00",
    "COD_ESTADO": "A",
    "FE_ULT_ACT": "2000-06-12T00:00:00",
    "COD_DDN": ""
  },
  {
    "COD_LOCALIDAD": 16487,
    "NOM_LOCALIDAD": "EPUYEN",
    "COD_PROVINCIA": "U",
    "FE_ALTA": "2000-06-12T00:00:00",
    "COD_ESTADO": "A",
    "FE_ULT_ACT": "2015-01-07T13:36:14.002098",
    "COD_DDN": "2945"
  },
  {
    "COD_LOCALIDAD": 16488,
    "NOM_LOCALIDAD": "ESQUEL",
    "COD_PROVINCIA": "U",
    "FE_ALTA": "2000-06-12T00:00:00",
    "COD_ESTADO": "A",
    "FE_ULT_ACT": "2015-01-07T13:36:14.002205",
    "COD_DDN": "2945"
  },
  {
    "COD_LOCALIDAD": 16489,
    "NOM_LOCALIDAD": "ESTANCIA EL MORO",
    "COD_PROVINCIA": "U",
    "FE_ALTA": "2000-06-12T00:00:00",
    "COD_ESTADO": "A",
    "FE_ULT_ACT": "2000-06-12T00:00:00",
    "COD_DDN": ""
  },
  {
    "COD_LOCALIDAD": 16490,
    "NOM_LOCALIDAD": "ESTANCIA LA MIMOSA",
    "COD_PROVINCIA": "U",
    "FE_ALTA": "2000-06-12T00:00:00",
    "COD_ESTADO": "A",
    "FE_ULT_ACT": "2000-06-12T00:00:00",
    "COD_DDN": ""
  },
  {
    "COD_LOCALIDAD": 16491,
    "NOM_LOCALIDAD": "ESTANCIA NUEVA LUBECKA",
    "COD_PROVINCIA": "U",
    "FE_ALTA": "2000-06-12T00:00:00",
    "COD_ESTADO": "A",
    "FE_ULT_ACT": "2000-06-12T00:00:00",
    "COD_DDN": ""
  },
  {
    "COD_LOCALIDAD": 16492,
    "NOM_LOCALIDAD": "ESTANCIA PAMPA CHICA",
    "COD_PROVINCIA": "U",
    "FE_ALTA": "2000-06-12T00:00:00",
    "COD_ESTADO": "A",
    "FE_ULT_ACT": "2000-06-12T00:00:00",
    "COD_DDN": ""
  },
  {
    "COD_LOCALIDAD": 16493,
    "NOM_LOCALIDAD": "FACUNDO",
    "COD_PROVINCIA": "U",
    "FE_ALTA": "2000-06-12T00:00:00",
    "COD_ESTADO": "A",
    "FE_ULT_ACT": "2015-01-07T13:36:14.002333",
    "COD_DDN": "2903"
  },
  {
    "COD_LOCALIDAD": 16494,
    "NOM_LOCALIDAD": "FITHEN VERIN",
    "COD_PROVINCIA": "U",
    "FE_ALTA": "2000-06-12T00:00:00",
    "COD_ESTADO": "A",
    "FE_ULT_ACT": "2000-06-12T00:00:00",
    "COD_DDN": ""
  },
  {
    "COD_LOCALIDAD": 16495,
    "NOM_LOCALIDAD": "FITIRHUIN",
    "COD_PROVINCIA": "U",
    "FE_ALTA": "2000-06-12T00:00:00",
    "COD_ESTADO": "A",
    "FE_ULT_ACT": "2000-06-12T00:00:00",
    "COD_DDN": ""
  },
  {
    "COD_LOCALIDAD": 16496,
    "NOM_LOCALIDAD": "FLORENTINO AMEGHINO",
    "COD_PROVINCIA": "U",
    "FE_ALTA": "2000-06-12T00:00:00",
    "COD_ESTADO": "A",
    "FE_ULT_ACT": "2000-06-12T00:00:00",
    "COD_DDN": ""
  },
  {
    "COD_LOCALIDAD": 16497,
    "NOM_LOCALIDAD": "FOTOCAHUEL",
    "COD_PROVINCIA": "U",
    "FE_ALTA": "2000-06-12T00:00:00",
    "COD_ESTADO": "A",
    "FE_ULT_ACT": "2000-06-12T00:00:00",
    "COD_DDN": ""
  },
  {
    "COD_LOCALIDAD": 16498,
    "NOM_LOCALIDAD": "FRONTERA DE RIO PICO",
    "COD_PROVINCIA": "U",
    "FE_ALTA": "2000-06-12T00:00:00",
    "COD_ESTADO": "A",
    "FE_ULT_ACT": "2000-06-12T00:00:00",
    "COD_DDN": ""
  },
  {
    "COD_LOCALIDAD": 16499,
    "NOM_LOCALIDAD": "FUTALEUFU",
    "COD_PROVINCIA": "U",
    "FE_ALTA": "2000-06-12T00:00:00",
    "COD_ESTADO": "A",
    "FE_ULT_ACT": "2000-06-12T00:00:00",
    "COD_DDN": ""
  },
  {
    "COD_LOCALIDAD": 16500,
    "NOM_LOCALIDAD": "GAIMAN",
    "COD_PROVINCIA": "U",
    "FE_ALTA": "2000-06-12T00:00:00",
    "COD_ESTADO": "A",
    "FE_ULT_ACT": "2015-01-07T13:36:14.002438",
    "COD_DDN": "0280"
  },
  {
    "COD_LOCALIDAD": 16501,
    "NOM_LOCALIDAD": "GAN GAN",
    "COD_PROVINCIA": "U",
    "FE_ALTA": "2000-06-12T00:00:00",
    "COD_ESTADO": "A",
    "FE_ULT_ACT": "2015-01-07T13:36:14.00256",
    "COD_DDN": "0280"
  },
  {
    "COD_LOCALIDAD": 16502,
    "NOM_LOCALIDAD": "GARAYALDE",
    "COD_PROVINCIA": "U",
    "FE_ALTA": "2000-06-12T00:00:00",
    "COD_ESTADO": "A",
    "FE_ULT_ACT": "2000-06-12T00:00:00",
    "COD_DDN": ""
  },
  {
    "COD_LOCALIDAD": 16503,
    "NOM_LOCALIDAD": "GASTRE",
    "COD_PROVINCIA": "U",
    "FE_ALTA": "2000-06-12T00:00:00",
    "COD_ESTADO": "A",
    "FE_ULT_ACT": "2015-01-07T13:36:14.002685",
    "COD_DDN": "0280"
  },
  {
    "COD_LOCALIDAD": 16504,
    "NOM_LOCALIDAD": "GLASFRYN",
    "COD_PROVINCIA": "U",
    "FE_ALTA": "2000-06-12T00:00:00",
    "COD_ESTADO": "A",
    "FE_ULT_ACT": "2000-06-12T00:00:00",
    "COD_DDN": ""
  },
  {
    "COD_LOCALIDAD": 16505,
    "NOM_LOCALIDAD": "GOBERNADOR COSTA",
    "COD_PROVINCIA": "U",
    "FE_ALTA": "2000-06-12T00:00:00",
    "COD_ESTADO": "A",
    "FE_ULT_ACT": "2015-01-07T13:36:14.002864",
    "COD_DDN": "2945"
  },
  {
    "COD_LOCALIDAD": 16506,
    "NOM_LOCALIDAD": "GUALJAINA",
    "COD_PROVINCIA": "U",
    "FE_ALTA": "2000-06-12T00:00:00",
    "COD_ESTADO": "A",
    "FE_ULT_ACT": "2015-01-07T13:36:14.002973",
    "COD_DDN": "2945"
  },
  {
    "COD_LOCALIDAD": 16507,
    "NOM_LOCALIDAD": "HITO 43",
    "COD_PROVINCIA": "U",
    "FE_ALTA": "2000-06-12T00:00:00",
    "COD_ESTADO": "A",
    "FE_ULT_ACT": "2000-06-12T00:00:00",
    "COD_DDN": ""
  },
  {
    "COD_LOCALIDAD": 16508,
    "NOM_LOCALIDAD": "HITO 45",
    "COD_PROVINCIA": "U",
    "FE_ALTA": "2000-06-12T00:00:00",
    "COD_ESTADO": "A",
    "FE_ULT_ACT": "2000-06-12T00:00:00",
    "COD_DDN": ""
  },
  {
    "COD_LOCALIDAD": 16509,
    "NOM_LOCALIDAD": "HITO 50",
    "COD_PROVINCIA": "U",
    "FE_ALTA": "2000-06-12T00:00:00",
    "COD_ESTADO": "A",
    "FE_ULT_ACT": "2000-06-12T00:00:00",
    "COD_DDN": ""
  },
  {
    "COD_LOCALIDAD": 16510,
    "NOM_LOCALIDAD": "HOLDICH",
    "COD_PROVINCIA": "U",
    "FE_ALTA": "2000-06-12T00:00:00",
    "COD_ESTADO": "A",
    "FE_ULT_ACT": "2000-06-12T00:00:00",
    "COD_DDN": ""
  },
  {
    "COD_LOCALIDAD": 16511,
    "NOM_LOCALIDAD": "ING BRUNO J THOMAE",
    "COD_PROVINCIA": "U",
    "FE_ALTA": "2000-06-12T00:00:00",
    "COD_ESTADO": "A",
    "FE_ULT_ACT": "2000-06-12T00:00:00",
    "COD_DDN": ""
  },
  {
    "COD_LOCALIDAD": 16512,
    "NOM_LOCALIDAD": "JOSE DE SAN MARTIN",
    "COD_PROVINCIA": "U",
    "FE_ALTA": "2000-06-12T00:00:00",
    "COD_ESTADO": "A",
    "FE_ULT_ACT": "2015-01-07T13:36:14.003081",
    "COD_DDN": "2945"
  },
  {
    "COD_LOCALIDAD": 16513,
    "NOM_LOCALIDAD": "KILOMETRO 11",
    "COD_PROVINCIA": "U",
    "FE_ALTA": "2000-06-12T00:00:00",
    "COD_ESTADO": "A",
    "FE_ULT_ACT": "2000-06-12T00:00:00",
    "COD_DDN": ""
  },
  {
    "COD_LOCALIDAD": 16514,
    "NOM_LOCALIDAD": "KILOMETRO 191",
    "COD_PROVINCIA": "U",
    "FE_ALTA": "2000-06-12T00:00:00",
    "COD_ESTADO": "A",
    "FE_ULT_ACT": "2000-06-12T00:00:00",
    "COD_DDN": ""
  },
  {
    "COD_LOCALIDAD": 16515,
    "NOM_LOCALIDAD": "LA BOMBILLA",
    "COD_PROVINCIA": "U",
    "FE_ALTA": "2000-06-12T00:00:00",
    "COD_ESTADO": "A",
    "FE_ULT_ACT": "2000-06-12T00:00:00",
    "COD_DDN": ""
  },
  {
    "COD_LOCALIDAD": 16516,
    "NOM_LOCALIDAD": "LA CANCHA",
    "COD_PROVINCIA": "U",
    "FE_ALTA": "2000-06-12T00:00:00",
    "COD_ESTADO": "A",
    "FE_ULT_ACT": "2000-06-12T00:00:00",
    "COD_DDN": ""
  },
  {
    "COD_LOCALIDAD": 16517,
    "NOM_LOCALIDAD": "LA CASTELLANA",
    "COD_PROVINCIA": "U",
    "FE_ALTA": "2000-06-12T00:00:00",
    "COD_ESTADO": "A",
    "FE_ULT_ACT": "2000-06-12T00:00:00",
    "COD_DDN": ""
  },
  {
    "COD_LOCALIDAD": 16518,
    "NOM_LOCALIDAD": "LA CORONA",
    "COD_PROVINCIA": "U",
    "FE_ALTA": "2000-06-12T00:00:00",
    "COD_ESTADO": "A",
    "FE_ULT_ACT": "2000-06-12T00:00:00",
    "COD_DDN": ""
  },
  {
    "COD_LOCALIDAD": 16519,
    "NOM_LOCALIDAD": "LA LANCHA",
    "COD_PROVINCIA": "U",
    "FE_ALTA": "2000-06-12T00:00:00",
    "COD_ESTADO": "A",
    "FE_ULT_ACT": "2000-06-12T00:00:00",
    "COD_DDN": ""
  },
  {
    "COD_LOCALIDAD": 16520,
    "NOM_LOCALIDAD": "LA LAURITA",
    "COD_PROVINCIA": "U",
    "FE_ALTA": "2000-06-12T00:00:00",
    "COD_ESTADO": "A",
    "FE_ULT_ACT": "2000-06-12T00:00:00",
    "COD_DDN": ""
  },
  {
    "COD_LOCALIDAD": 16521,
    "NOM_LOCALIDAD": "LA NICOLASA",
    "COD_PROVINCIA": "U",
    "FE_ALTA": "2000-06-12T00:00:00",
    "COD_ESTADO": "A",
    "FE_ULT_ACT": "2000-06-12T00:00:00",
    "COD_DDN": ""
  },
  {
    "COD_LOCALIDAD": 16522,
    "NOM_LOCALIDAD": "LA PEPITA",
    "COD_PROVINCIA": "U",
    "FE_ALTA": "2000-06-12T00:00:00",
    "COD_ESTADO": "A",
    "FE_ULT_ACT": "2000-06-12T00:00:00",
    "COD_DDN": ""
  },
  {
    "COD_LOCALIDAD": 16523,
    "NOM_LOCALIDAD": "LA PRIMAVERA",
    "COD_PROVINCIA": "U",
    "FE_ALTA": "2000-06-12T00:00:00",
    "COD_ESTADO": "A",
    "FE_ULT_ACT": "2000-06-12T00:00:00",
    "COD_DDN": ""
  },
  {
    "COD_LOCALIDAD": 16524,
    "NOM_LOCALIDAD": "LA ROSILLA",
    "COD_PROVINCIA": "U",
    "FE_ALTA": "2000-06-12T00:00:00",
    "COD_ESTADO": "A",
    "FE_ULT_ACT": "2000-06-12T00:00:00",
    "COD_DDN": ""
  },
  {
    "COD_LOCALIDAD": 16525,
    "NOM_LOCALIDAD": "LA SALAMANCA",
    "COD_PROVINCIA": "U",
    "FE_ALTA": "2000-06-12T00:00:00",
    "COD_ESTADO": "A",
    "FE_ULT_ACT": "2000-06-12T00:00:00",
    "COD_DDN": ""
  },
  {
    "COD_LOCALIDAD": 16526,
    "NOM_LOCALIDAD": "LA SIBERIA",
    "COD_PROVINCIA": "U",
    "FE_ALTA": "2000-06-12T00:00:00",
    "COD_ESTADO": "A",
    "FE_ULT_ACT": "2000-06-12T00:00:00",
    "COD_DDN": ""
  },
  {
    "COD_LOCALIDAD": 16527,
    "NOM_LOCALIDAD": "LAGO BLANCO",
    "COD_PROVINCIA": "U",
    "FE_ALTA": "2000-06-12T00:00:00",
    "COD_ESTADO": "A",
    "FE_ULT_ACT": "2015-01-07T13:36:14.003186",
    "COD_DDN": "2903"
  },
  {
    "COD_LOCALIDAD": 16528,
    "NOM_LOCALIDAD": "LAGO CARLOS PELLEGRINI",
    "COD_PROVINCIA": "U",
    "FE_ALTA": "2000-06-12T00:00:00",
    "COD_ESTADO": "A",
    "FE_ULT_ACT": "2000-06-12T00:00:00",
    "COD_DDN": ""
  },
  {
    "COD_LOCALIDAD": 16529,
    "NOM_LOCALIDAD": "LAGO FONTANA",
    "COD_PROVINCIA": "U",
    "FE_ALTA": "2000-06-12T00:00:00",
    "COD_ESTADO": "A",
    "FE_ULT_ACT": "2015-01-07T13:36:14.003312",
    "COD_DDN": "2903"
  },
  {
    "COD_LOCALIDAD": 16530,
    "NOM_LOCALIDAD": "LAGO LEZAMA",
    "COD_PROVINCIA": "U",
    "FE_ALTA": "2000-06-12T00:00:00",
    "COD_ESTADO": "A",
    "FE_ULT_ACT": "2000-06-12T00:00:00",
    "COD_DDN": ""
  },
  {
    "COD_LOCALIDAD": 16531,
    "NOM_LOCALIDAD": "LAGO MUSTERS",
    "COD_PROVINCIA": "U",
    "FE_ALTA": "2000-06-12T00:00:00",
    "COD_ESTADO": "A",
    "FE_ULT_ACT": "2000-06-12T00:00:00",
    "COD_DDN": ""
  },
  {
    "COD_LOCALIDAD": 16532,
    "NOM_LOCALIDAD": "LAGO PAZ",
    "COD_PROVINCIA": "U",
    "FE_ALTA": "2000-06-12T00:00:00",
    "COD_ESTADO": "A",
    "FE_ULT_ACT": "2000-06-12T00:00:00",
    "COD_DDN": ""
  },
  {
    "COD_LOCALIDAD": 16533,
    "NOM_LOCALIDAD": "LAGO PUELO",
    "COD_PROVINCIA": "U",
    "FE_ALTA": "2000-06-12T00:00:00",
    "COD_ESTADO": "A",
    "FE_ULT_ACT": "2000-06-12T00:00:00",
    "COD_DDN": ""
  },
  {
    "COD_LOCALIDAD": 16534,
    "NOM_LOCALIDAD": "LAGO RIVADAVIA",
    "COD_PROVINCIA": "U",
    "FE_ALTA": "2000-06-12T00:00:00",
    "COD_ESTADO": "A",
    "FE_ULT_ACT": "2015-01-07T13:36:14.003421",
    "COD_DDN": "2945"
  },
  {
    "COD_LOCALIDAD": 16535,
    "NOM_LOCALIDAD": "LAGO ROSARIO",
    "COD_PROVINCIA": "U",
    "FE_ALTA": "2000-06-12T00:00:00",
    "COD_ESTADO": "A",
    "FE_ULT_ACT": "2015-01-07T13:36:14.00353",
    "COD_DDN": "2945"
  },
  {
    "COD_LOCALIDAD": 16536,
    "NOM_LOCALIDAD": "LAGO VERDE",
    "COD_PROVINCIA": "U",
    "FE_ALTA": "2000-06-12T00:00:00",
    "COD_ESTADO": "A",
    "FE_ULT_ACT": "2000-06-12T00:00:00",
    "COD_DDN": ""
  },
  {
    "COD_LOCALIDAD": 16537,
    "NOM_LOCALIDAD": "LAGO VINTTER",
    "COD_PROVINCIA": "U",
    "FE_ALTA": "2000-06-12T00:00:00",
    "COD_ESTADO": "A",
    "FE_ULT_ACT": "2015-01-07T13:36:14.004039",
    "COD_DDN": "2945"
  },
  {
    "COD_LOCALIDAD": 16538,
    "NOM_LOCALIDAD": "LAGUNA BLANCA",
    "COD_PROVINCIA": "U",
    "FE_ALTA": "2000-06-12T00:00:00",
    "COD_ESTADO": "A",
    "FE_ULT_ACT": "2000-06-12T00:00:00",
    "COD_DDN": ""
  },
  {
    "COD_LOCALIDAD": 16539,
    "NOM_LOCALIDAD": "LAGUNA DE VACAS",
    "COD_PROVINCIA": "U",
    "FE_ALTA": "2000-06-12T00:00:00",
    "COD_ESTADO": "A",
    "FE_ULT_ACT": "2000-06-12T00:00:00",
    "COD_DDN": ""
  },
  {
    "COD_LOCALIDAD": 16540,
    "NOM_LOCALIDAD": "LAGUNA DEL MATE",
    "COD_PROVINCIA": "U",
    "FE_ALTA": "2000-06-12T00:00:00",
    "COD_ESTADO": "A",
    "FE_ULT_ACT": "2000-06-12T00:00:00",
    "COD_DDN": ""
  },
  {
    "COD_LOCALIDAD": 16541,
    "NOM_LOCALIDAD": "LAGUNA FRIA",
    "COD_PROVINCIA": "U",
    "FE_ALTA": "2000-06-12T00:00:00",
    "COD_ESTADO": "A",
    "FE_ULT_ACT": "2000-06-12T00:00:00",
    "COD_DDN": ""
  },
  {
    "COD_LOCALIDAD": 16542,
    "NOM_LOCALIDAD": "LAGUNA GRANDE",
    "COD_PROVINCIA": "U",
    "FE_ALTA": "2000-06-12T00:00:00",
    "COD_ESTADO": "A",
    "FE_ULT_ACT": "2000-06-12T00:00:00",
    "COD_DDN": ""
  },
  {
    "COD_LOCALIDAD": 16543,
    "NOM_LOCALIDAD": "LAGUNA PALACIO",
    "COD_PROVINCIA": "U",
    "FE_ALTA": "2000-06-12T00:00:00",
    "COD_ESTADO": "A",
    "FE_ULT_ACT": "2000-06-12T00:00:00",
    "COD_DDN": ""
  },
  {
    "COD_LOCALIDAD": 16544,
    "NOM_LOCALIDAD": "LAGUNA RINCON DEL MORO",
    "COD_PROVINCIA": "U",
    "FE_ALTA": "2000-06-12T00:00:00",
    "COD_ESTADO": "A",
    "FE_ULT_ACT": "2000-06-12T00:00:00",
    "COD_DDN": ""
  },
  {
    "COD_LOCALIDAD": 16545,
    "NOM_LOCALIDAD": "LAGUNA TERRAPLEN",
    "COD_PROVINCIA": "U",
    "FE_ALTA": "2000-06-12T00:00:00",
    "COD_ESTADO": "A",
    "FE_ULT_ACT": "2000-06-12T00:00:00",
    "COD_DDN": ""
  },
  {
    "COD_LOCALIDAD": 16546,
    "NOM_LOCALIDAD": "LAGUNA VERDE",
    "COD_PROVINCIA": "U",
    "FE_ALTA": "2000-06-12T00:00:00",
    "COD_ESTADO": "A",
    "FE_ULT_ACT": "2000-06-12T00:00:00",
    "COD_DDN": ""
  },
  {
    "COD_LOCALIDAD": 16547,
    "NOM_LOCALIDAD": "LAGUNITA SALADA",
    "COD_PROVINCIA": "U",
    "FE_ALTA": "2000-06-12T00:00:00",
    "COD_ESTADO": "A",
    "FE_ULT_ACT": "2015-01-07T13:36:14.004182",
    "COD_DDN": "0280"
  },
  {
    "COD_LOCALIDAD": 16548,
    "NOM_LOCALIDAD": "LANGUIÑEO",
    "COD_PROVINCIA": "U",
    "FE_ALTA": "2000-06-12T00:00:00",
    "COD_ESTADO": "A",
    "FE_ULT_ACT": "2000-06-12T00:00:00",
    "COD_DDN": ""
  },
  {
    "COD_LOCALIDAD": 16549,
    "NOM_LOCALIDAD": "LARRALDE",
    "COD_PROVINCIA": "U",
    "FE_ALTA": "2000-06-12T00:00:00",
    "COD_ESTADO": "A",
    "FE_ULT_ACT": "2000-06-12T00:00:00",
    "COD_DDN": ""
  },
  {
    "COD_LOCALIDAD": 16550,
    "NOM_LOCALIDAD": "LAS CHAPAS",
    "COD_PROVINCIA": "U",
    "FE_ALTA": "2000-06-12T00:00:00",
    "COD_ESTADO": "A",
    "FE_ULT_ACT": "2000-06-12T00:00:00",
    "COD_DDN": ""
  },
  {
    "COD_LOCALIDAD": 16551,
    "NOM_LOCALIDAD": "LAS CORTADERAS",
    "COD_PROVINCIA": "U",
    "FE_ALTA": "2000-06-12T00:00:00",
    "COD_ESTADO": "A",
    "FE_ULT_ACT": "2000-06-12T00:00:00",
    "COD_DDN": ""
  },
  {
    "COD_LOCALIDAD": 16552,
    "NOM_LOCALIDAD": "LAS GOLONDRINAS",
    "COD_PROVINCIA": "U",
    "FE_ALTA": "2000-06-12T00:00:00",
    "COD_ESTADO": "A",
    "FE_ULT_ACT": "2015-01-07T13:36:14.004311",
    "COD_DDN": "0294"
  },
  {
    "COD_LOCALIDAD": 16553,
    "NOM_LOCALIDAD": "LAS HORQUETAS",
    "COD_PROVINCIA": "U",
    "FE_ALTA": "2000-06-12T00:00:00",
    "COD_ESTADO": "A",
    "FE_ULT_ACT": "2000-06-12T00:00:00",
    "COD_DDN": ""
  },
  {
    "COD_LOCALIDAD": 16554,
    "NOM_LOCALIDAD": "LAS MULAS",
    "COD_PROVINCIA": "U",
    "FE_ALTA": "2000-06-12T00:00:00",
    "COD_ESTADO": "A",
    "FE_ULT_ACT": "2000-06-12T00:00:00",
    "COD_DDN": ""
  },
  {
    "COD_LOCALIDAD": 16555,
    "NOM_LOCALIDAD": "LAS PAMPAS",
    "COD_PROVINCIA": "U",
    "FE_ALTA": "2000-06-12T00:00:00",
    "COD_ESTADO": "A",
    "FE_ULT_ACT": "2015-01-07T13:36:14.00444",
    "COD_DDN": "2945"
  },
  {
    "COD_LOCALIDAD": 16556,
    "NOM_LOCALIDAD": "LAS PLUMAS",
    "COD_PROVINCIA": "U",
    "FE_ALTA": "2000-06-12T00:00:00",
    "COD_ESTADO": "A",
    "FE_ULT_ACT": "2015-01-07T13:36:14.004549",
    "COD_DDN": "0280"
  },
  {
    "COD_LOCALIDAD": 16557,
    "NOM_LOCALIDAD": "LAS PULGAS",
    "COD_PROVINCIA": "U",
    "FE_ALTA": "2000-06-12T00:00:00",
    "COD_ESTADO": "A",
    "FE_ULT_ACT": "2000-06-12T00:00:00",
    "COD_DDN": ""
  },
  {
    "COD_LOCALIDAD": 16558,
    "NOM_LOCALIDAD": "LAS SALINAS",
    "COD_PROVINCIA": "U",
    "FE_ALTA": "2000-06-12T00:00:00",
    "COD_ESTADO": "A",
    "FE_ULT_ACT": "2000-06-12T00:00:00",
    "COD_DDN": ""
  },
  {
    "COD_LOCALIDAD": 16559,
    "NOM_LOCALIDAD": "LEGUA 24",
    "COD_PROVINCIA": "U",
    "FE_ALTA": "2000-06-12T00:00:00",
    "COD_ESTADO": "A",
    "FE_ULT_ACT": "2000-06-12T00:00:00",
    "COD_DDN": ""
  },
  {
    "COD_LOCALIDAD": 16560,
    "NOM_LOCALIDAD": "LELEQUE",
    "COD_PROVINCIA": "U",
    "FE_ALTA": "2000-06-12T00:00:00",
    "COD_ESTADO": "A",
    "FE_ULT_ACT": "2000-06-12T00:00:00",
    "COD_DDN": ""
  },
  {
    "COD_LOCALIDAD": 16561,
    "NOM_LOCALIDAD": "LENZANILLEO",
    "COD_PROVINCIA": "U",
    "FE_ALTA": "2000-06-12T00:00:00",
    "COD_ESTADO": "A",
    "FE_ULT_ACT": "2000-06-12T00:00:00",
    "COD_DDN": ""
  },
  {
    "COD_LOCALIDAD": 16562,
    "NOM_LOCALIDAD": "LOMA REDONDA",
    "COD_PROVINCIA": "U",
    "FE_ALTA": "2000-06-12T00:00:00",
    "COD_ESTADO": "A",
    "FE_ULT_ACT": "2000-06-12T00:00:00",
    "COD_DDN": ""
  },
  {
    "COD_LOCALIDAD": 16563,
    "NOM_LOCALIDAD": "LORETO",
    "COD_PROVINCIA": "U",
    "FE_ALTA": "2000-06-12T00:00:00",
    "COD_ESTADO": "A",
    "FE_ULT_ACT": "2000-06-12T00:00:00",
    "COD_DDN": ""
  },
  {
    "COD_LOCALIDAD": 16564,
    "NOM_LOCALIDAD": "LOS ALTARES",
    "COD_PROVINCIA": "U",
    "FE_ALTA": "2000-06-12T00:00:00",
    "COD_ESTADO": "A",
    "FE_ULT_ACT": "2015-01-07T13:36:14.004679",
    "COD_DDN": "0280"
  },
  {
    "COD_LOCALIDAD": 16565,
    "NOM_LOCALIDAD": "LOS CIPRESES",
    "COD_PROVINCIA": "U",
    "FE_ALTA": "2000-06-12T00:00:00",
    "COD_ESTADO": "A",
    "FE_ULT_ACT": "2015-01-07T13:36:14.004801",
    "COD_DDN": "2945"
  },
  {
    "COD_LOCALIDAD": 16566,
    "NOM_LOCALIDAD": "LOS CORRALITOS",
    "COD_PROVINCIA": "U",
    "FE_ALTA": "2000-06-12T00:00:00",
    "COD_ESTADO": "A",
    "FE_ULT_ACT": "2000-06-12T00:00:00",
    "COD_DDN": ""
  },
  {
    "COD_LOCALIDAD": 16567,
    "NOM_LOCALIDAD": "LOS MANANTIALES",
    "COD_PROVINCIA": "U",
    "FE_ALTA": "2000-06-12T00:00:00",
    "COD_ESTADO": "A",
    "FE_ULT_ACT": "2000-06-12T00:00:00",
    "COD_DDN": ""
  },
  {
    "COD_LOCALIDAD": 16568,
    "NOM_LOCALIDAD": "LOS TAMARISCOS",
    "COD_PROVINCIA": "U",
    "FE_ALTA": "2000-06-12T00:00:00",
    "COD_ESTADO": "A",
    "FE_ULT_ACT": "2000-06-12T00:00:00",
    "COD_DDN": ""
  },
  {
    "COD_LOCALIDAD": 16569,
    "NOM_LOCALIDAD": "MAESTEG",
    "COD_PROVINCIA": "U",
    "FE_ALTA": "2000-06-12T00:00:00",
    "COD_ESTADO": "A",
    "FE_ULT_ACT": "2000-06-12T00:00:00",
    "COD_DDN": ""
  },
  {
    "COD_LOCALIDAD": 16570,
    "NOM_LOCALIDAD": "MALASPINA",
    "COD_PROVINCIA": "U",
    "FE_ALTA": "2000-06-12T00:00:00",
    "COD_ESTADO": "A",
    "FE_ULT_ACT": "2000-06-12T00:00:00",
    "COD_DDN": ""
  },
  {
    "COD_LOCALIDAD": 16571,
    "NOM_LOCALIDAD": "MALLIN BLANCO",
    "COD_PROVINCIA": "U",
    "FE_ALTA": "2000-06-12T00:00:00",
    "COD_ESTADO": "A",
    "FE_ULT_ACT": "2000-06-12T00:00:00",
    "COD_DDN": ""
  },
  {
    "COD_LOCALIDAD": 16572,
    "NOM_LOCALIDAD": "MALLIN GRANDE",
    "COD_PROVINCIA": "U",
    "FE_ALTA": "2000-06-12T00:00:00",
    "COD_ESTADO": "A",
    "FE_ULT_ACT": "2000-06-12T00:00:00",
    "COD_DDN": ""
  },
  {
    "COD_LOCALIDAD": 16573,
    "NOM_LOCALIDAD": "MALLIN GRANDE CORCOVADO",
    "COD_PROVINCIA": "U",
    "FE_ALTA": "2000-06-12T00:00:00",
    "COD_ESTADO": "A",
    "FE_ULT_ACT": "2000-06-12T00:00:00",
    "COD_DDN": ""
  },
  {
    "COD_LOCALIDAD": 16574,
    "NOM_LOCALIDAD": "MANANTIAL GRANDE",
    "COD_PROVINCIA": "U",
    "FE_ALTA": "2000-06-12T00:00:00",
    "COD_ESTADO": "A",
    "FE_ULT_ACT": "2000-06-12T00:00:00",
    "COD_DDN": ""
  },
  {
    "COD_LOCALIDAD": 16575,
    "NOM_LOCALIDAD": "MATA GRANDE",
    "COD_PROVINCIA": "U",
    "FE_ALTA": "2000-06-12T00:00:00",
    "COD_ESTADO": "A",
    "FE_ULT_ACT": "2000-06-12T00:00:00",
    "COD_DDN": ""
  },
  {
    "COD_LOCALIDAD": 16576,
    "NOM_LOCALIDAD": "MATUCANA",
    "COD_PROVINCIA": "U",
    "FE_ALTA": "2000-06-12T00:00:00",
    "COD_ESTADO": "A",
    "FE_ULT_ACT": "2000-06-12T00:00:00",
    "COD_DDN": ""
  },
  {
    "COD_LOCALIDAD": 16577,
    "NOM_LOCALIDAD": "MAYOCO",
    "COD_PROVINCIA": "U",
    "FE_ALTA": "2000-06-12T00:00:00",
    "COD_ESTADO": "A",
    "FE_ULT_ACT": "2000-06-12T00:00:00",
    "COD_DDN": ""
  },
  {
    "COD_LOCALIDAD": 16578,
    "NOM_LOCALIDAD": "MEDANOS",
    "COD_PROVINCIA": "U",
    "FE_ALTA": "2000-06-12T00:00:00",
    "COD_ESTADO": "A",
    "FE_ULT_ACT": "2000-06-12T00:00:00",
    "COD_DDN": ""
  },
  {
    "COD_LOCALIDAD": 16579,
    "NOM_LOCALIDAD": "NAHUEL PAN ESTACION FCGR",
    "COD_PROVINCIA": "U",
    "FE_ALTA": "2000-06-12T00:00:00",
    "COD_ESTADO": "A",
    "FE_ULT_ACT": "2000-06-12T00:00:00",
    "COD_DDN": ""
  },
  {
    "COD_LOCALIDAD": 16580,
    "NOM_LOCALIDAD": "NIRIGUAO",
    "COD_PROVINCIA": "U",
    "FE_ALTA": "2000-06-12T00:00:00",
    "COD_ESTADO": "A",
    "FE_ULT_ACT": "2000-06-12T00:00:00",
    "COD_DDN": ""
  },
  {
    "COD_LOCALIDAD": 16581,
    "NOM_LOCALIDAD": "NIRIGUCE PAMPA",
    "COD_PROVINCIA": "U",
    "FE_ALTA": "2000-06-12T00:00:00",
    "COD_ESTADO": "A",
    "FE_ULT_ACT": "2000-06-12T00:00:00",
    "COD_DDN": ""
  },
  {
    "COD_LOCALIDAD": 16582,
    "NOM_LOCALIDAD": "PAINALUF",
    "COD_PROVINCIA": "U",
    "FE_ALTA": "2000-06-12T00:00:00",
    "COD_ESTADO": "A",
    "FE_ULT_ACT": "2000-06-12T00:00:00",
    "COD_DDN": ""
  },
  {
    "COD_LOCALIDAD": 16583,
    "NOM_LOCALIDAD": "PAMPA DE AGNIA",
    "COD_PROVINCIA": "U",
    "FE_ALTA": "2000-06-12T00:00:00",
    "COD_ESTADO": "A",
    "FE_ULT_ACT": "2000-06-12T00:00:00",
    "COD_DDN": ""
  },
  {
    "COD_LOCALIDAD": 16584,
    "NOM_LOCALIDAD": "PAMPA DEL CASTILLO",
    "COD_PROVINCIA": "U",
    "FE_ALTA": "2000-06-12T00:00:00",
    "COD_ESTADO": "A",
    "FE_ULT_ACT": "2000-06-12T00:00:00",
    "COD_DDN": ""
  },
  {
    "COD_LOCALIDAD": 16585,
    "NOM_LOCALIDAD": "PAMPA PELADA",
    "COD_PROVINCIA": "U",
    "FE_ALTA": "2000-06-12T00:00:00",
    "COD_ESTADO": "A",
    "FE_ULT_ACT": "2000-06-12T00:00:00",
    "COD_DDN": ""
  },
  {
    "COD_LOCALIDAD": 16586,
    "NOM_LOCALIDAD": "PAMPA SALAMANCA",
    "COD_PROVINCIA": "U",
    "FE_ALTA": "2000-06-12T00:00:00",
    "COD_ESTADO": "A",
    "FE_ULT_ACT": "2000-06-12T00:00:00",
    "COD_DDN": ""
  },
  {
    "COD_LOCALIDAD": 16587,
    "NOM_LOCALIDAD": "PAMPA TEPUEL",
    "COD_PROVINCIA": "U",
    "FE_ALTA": "2000-06-12T00:00:00",
    "COD_ESTADO": "A",
    "FE_ULT_ACT": "2000-06-12T00:00:00",
    "COD_DDN": ""
  },
  {
    "COD_LOCALIDAD": 16588,
    "NOM_LOCALIDAD": "PARQUE NACIONAL LOS ALERCES",
    "COD_PROVINCIA": "U",
    "FE_ALTA": "2000-06-12T00:00:00",
    "COD_ESTADO": "A",
    "FE_ULT_ACT": "2000-06-12T00:00:00",
    "COD_DDN": ""
  },
  {
    "COD_LOCALIDAD": 16589,
    "NOM_LOCALIDAD": "PASO DE INDIOS",
    "COD_PROVINCIA": "U",
    "FE_ALTA": "2000-06-12T00:00:00",
    "COD_ESTADO": "A",
    "FE_ULT_ACT": "2015-01-07T13:36:14.004913",
    "COD_DDN": "0280"
  },
  {
    "COD_LOCALIDAD": 16590,
    "NOM_LOCALIDAD": "PASO DE TORRES",
    "COD_PROVINCIA": "U",
    "FE_ALTA": "2000-06-12T00:00:00",
    "COD_ESTADO": "A",
    "FE_ULT_ACT": "2000-06-12T00:00:00",
    "COD_DDN": ""
  },
  {
    "COD_LOCALIDAD": 16591,
    "NOM_LOCALIDAD": "PASO DEL SAPO",
    "COD_PROVINCIA": "U",
    "FE_ALTA": "2000-06-12T00:00:00",
    "COD_ESTADO": "A",
    "FE_ULT_ACT": "2015-01-07T13:36:14.00512",
    "COD_DDN": "2945"
  },
  {
    "COD_LOCALIDAD": 16592,
    "NOM_LOCALIDAD": "PASO MORENO",
    "COD_PROVINCIA": "U",
    "FE_ALTA": "2000-06-12T00:00:00",
    "COD_ESTADO": "A",
    "FE_ULT_ACT": "2000-06-12T00:00:00",
    "COD_DDN": ""
  },
  {
    "COD_LOCALIDAD": 16593,
    "NOM_LOCALIDAD": "PASTOS BLANCOS",
    "COD_PROVINCIA": "U",
    "FE_ALTA": "2000-06-12T00:00:00",
    "COD_ESTADO": "A",
    "FE_ULT_ACT": "2015-01-07T13:36:14.005237",
    "COD_DDN": "2903"
  },
  {
    "COD_LOCALIDAD": 16594,
    "NOM_LOCALIDAD": "PICO SALAMANCA",
    "COD_PROVINCIA": "U",
    "FE_ALTA": "2000-06-12T00:00:00",
    "COD_ESTADO": "A",
    "FE_ULT_ACT": "2000-06-12T00:00:00",
    "COD_DDN": ""
  },
  {
    "COD_LOCALIDAD": 16595,
    "NOM_LOCALIDAD": "PIEDRA PARADA",
    "COD_PROVINCIA": "U",
    "FE_ALTA": "2000-06-12T00:00:00",
    "COD_ESTADO": "A",
    "FE_ULT_ACT": "2015-01-07T13:36:14.005346",
    "COD_DDN": "2945"
  },
  {
    "COD_LOCALIDAD": 16596,
    "NOM_LOCALIDAD": "PIEDRA SHOTEL",
    "COD_PROVINCIA": "U",
    "FE_ALTA": "2000-06-12T00:00:00",
    "COD_ESTADO": "A",
    "FE_ULT_ACT": "2000-06-12T00:00:00",
    "COD_DDN": ""
  },
  {
    "COD_LOCALIDAD": 16597,
    "NOM_LOCALIDAD": "PIRRE MAHUIDA",
    "COD_PROVINCIA": "U",
    "FE_ALTA": "2000-06-12T00:00:00",
    "COD_ESTADO": "A",
    "FE_ULT_ACT": "2000-06-12T00:00:00",
    "COD_DDN": ""
  },
  {
    "COD_LOCALIDAD": 16598,
    "NOM_LOCALIDAD": "PLANCUNTRE",
    "COD_PROVINCIA": "U",
    "FE_ALTA": "2000-06-12T00:00:00",
    "COD_ESTADO": "A",
    "FE_ULT_ACT": "2000-06-12T00:00:00",
    "COD_DDN": ""
  },
  {
    "COD_LOCALIDAD": 16599,
    "NOM_LOCALIDAD": "PLAYA UNION",
    "COD_PROVINCIA": "U",
    "FE_ALTA": "2000-06-12T00:00:00",
    "COD_ESTADO": "A",
    "FE_ULT_ACT": "2015-01-07T13:36:14.005476",
    "COD_DDN": "0280"
  },
  {
    "COD_LOCALIDAD": 16600,
    "NOM_LOCALIDAD": "POCITOS DE QUICHAURA",
    "COD_PROVINCIA": "U",
    "FE_ALTA": "2000-06-12T00:00:00",
    "COD_ESTADO": "A",
    "FE_ULT_ACT": "2000-06-12T00:00:00",
    "COD_DDN": ""
  },
  {
    "COD_LOCALIDAD": 16601,
    "NOM_LOCALIDAD": "PUENTE HENDRE",
    "COD_PROVINCIA": "U",
    "FE_ALTA": "2000-06-12T00:00:00",
    "COD_ESTADO": "A",
    "FE_ULT_ACT": "2000-06-12T00:00:00",
    "COD_DDN": ""
  },
  {
    "COD_LOCALIDAD": 16602,
    "NOM_LOCALIDAD": "PUERTO LOBOS",
    "COD_PROVINCIA": "U",
    "FE_ALTA": "2000-06-12T00:00:00",
    "COD_ESTADO": "A",
    "FE_ULT_ACT": "2000-06-12T00:00:00",
    "COD_DDN": ""
  },
  {
    "COD_LOCALIDAD": 16603,
    "NOM_LOCALIDAD": "PUERTO MADRYN",
    "COD_PROVINCIA": "U",
    "FE_ALTA": "2000-06-12T00:00:00",
    "COD_ESTADO": "A",
    "FE_ULT_ACT": "2015-01-07T13:36:14.005601",
    "COD_DDN": "0280"
  },
  {
    "COD_LOCALIDAD": 16604,
    "NOM_LOCALIDAD": "PUERTO PIRAMIDES",
    "COD_PROVINCIA": "U",
    "FE_ALTA": "2000-06-12T00:00:00",
    "COD_ESTADO": "A",
    "FE_ULT_ACT": "2000-06-12T00:00:00",
    "COD_DDN": ""
  },
  {
    "COD_LOCALIDAD": 16605,
    "NOM_LOCALIDAD": "PUERTO SAN ROMAN",
    "COD_PROVINCIA": "U",
    "FE_ALTA": "2000-06-12T00:00:00",
    "COD_ESTADO": "A",
    "FE_ULT_ACT": "2000-06-12T00:00:00",
    "COD_DDN": ""
  },
  {
    "COD_LOCALIDAD": 16606,
    "NOM_LOCALIDAD": "PUNTA BAJOS",
    "COD_PROVINCIA": "U",
    "FE_ALTA": "2000-06-12T00:00:00",
    "COD_ESTADO": "A",
    "FE_ULT_ACT": "2000-06-12T00:00:00",
    "COD_DDN": ""
  },
  {
    "COD_LOCALIDAD": 16607,
    "NOM_LOCALIDAD": "PUNTA DELGADA",
    "COD_PROVINCIA": "U",
    "FE_ALTA": "2000-06-12T00:00:00",
    "COD_ESTADO": "A",
    "FE_ULT_ACT": "2000-06-12T00:00:00",
    "COD_DDN": ""
  },
  {
    "COD_LOCALIDAD": 16608,
    "NOM_LOCALIDAD": "PUNTA NINFAS",
    "COD_PROVINCIA": "U",
    "FE_ALTA": "2000-06-12T00:00:00",
    "COD_ESTADO": "A",
    "FE_ULT_ACT": "2000-06-12T00:00:00",
    "COD_DDN": ""
  },
  {
    "COD_LOCALIDAD": 16609,
    "NOM_LOCALIDAD": "PUNTA NORTE",
    "COD_PROVINCIA": "U",
    "FE_ALTA": "2000-06-12T00:00:00",
    "COD_ESTADO": "A",
    "FE_ULT_ACT": "2000-06-12T00:00:00",
    "COD_DDN": ""
  },
  {
    "COD_LOCALIDAD": 16610,
    "NOM_LOCALIDAD": "PUNTA QUIROGA",
    "COD_PROVINCIA": "U",
    "FE_ALTA": "2000-06-12T00:00:00",
    "COD_ESTADO": "A",
    "FE_ULT_ACT": "2000-06-12T00:00:00",
    "COD_DDN": ""
  },
  {
    "COD_LOCALIDAD": 16611,
    "NOM_LOCALIDAD": "PUTRACHOIQUE",
    "COD_PROVINCIA": "U",
    "FE_ALTA": "2000-06-12T00:00:00",
    "COD_ESTADO": "A",
    "FE_ULT_ACT": "2000-06-12T00:00:00",
    "COD_DDN": ""
  },
  {
    "COD_LOCALIDAD": 16612,
    "NOM_LOCALIDAD": "RADA TILLY",
    "COD_PROVINCIA": "U",
    "FE_ALTA": "2000-06-12T00:00:00",
    "COD_ESTADO": "A",
    "FE_ULT_ACT": "2000-06-12T00:00:00",
    "COD_DDN": ""
  },
  {
    "COD_LOCALIDAD": 16613,
    "NOM_LOCALIDAD": "RANQUIL HUAO",
    "COD_PROVINCIA": "U",
    "FE_ALTA": "2000-06-12T00:00:00",
    "COD_ESTADO": "A",
    "FE_ULT_ACT": "2000-06-12T00:00:00",
    "COD_DDN": ""
  },
  {
    "COD_LOCALIDAD": 16614,
    "NOM_LOCALIDAD": "RAWSON",
    "COD_PROVINCIA": "U",
    "FE_ALTA": "2000-06-12T00:00:00",
    "COD_ESTADO": "A",
    "FE_ULT_ACT": "2015-01-07T13:36:14.005722",
    "COD_DDN": "0280"
  },
  {
    "COD_LOCALIDAD": 16615,
    "NOM_LOCALIDAD": "RIO CHICO",
    "COD_PROVINCIA": "U",
    "FE_ALTA": "2000-06-12T00:00:00",
    "COD_ESTADO": "A",
    "FE_ULT_ACT": "2000-06-12T00:00:00",
    "COD_DDN": ""
  },
  {
    "COD_LOCALIDAD": 16616,
    "NOM_LOCALIDAD": "RIO CORINTO",
    "COD_PROVINCIA": "U",
    "FE_ALTA": "2000-06-12T00:00:00",
    "COD_ESTADO": "A",
    "FE_ULT_ACT": "2000-06-12T00:00:00",
    "COD_DDN": ""
  },
  {
    "COD_LOCALIDAD": 16617,
    "NOM_LOCALIDAD": "RIO FRIAS",
    "COD_PROVINCIA": "U",
    "FE_ALTA": "2000-06-12T00:00:00",
    "COD_ESTADO": "A",
    "FE_ULT_ACT": "2000-06-12T00:00:00",
    "COD_DDN": ""
  },
  {
    "COD_LOCALIDAD": 16618,
    "NOM_LOCALIDAD": "RIO MAYO",
    "COD_PROVINCIA": "U",
    "FE_ALTA": "2000-06-12T00:00:00",
    "COD_ESTADO": "A",
    "FE_ULT_ACT": "2015-01-07T13:36:14.006148",
    "COD_DDN": "2903"
  },
  {
    "COD_LOCALIDAD": 16619,
    "NOM_LOCALIDAD": "RIO PICO",
    "COD_PROVINCIA": "U",
    "FE_ALTA": "2000-06-12T00:00:00",
    "COD_ESTADO": "A",
    "FE_ULT_ACT": "2015-01-07T13:36:14.006324",
    "COD_DDN": "2945"
  },
  {
    "COD_LOCALIDAD": 16620,
    "NOM_LOCALIDAD": "RUTA 3 KILOMETRO 1646",
    "COD_PROVINCIA": "U",
    "FE_ALTA": "2000-06-12T00:00:00",
    "COD_ESTADO": "A",
    "FE_ULT_ACT": "2000-06-12T00:00:00",
    "COD_DDN": ""
  },
  {
    "COD_LOCALIDAD": 16621,
    "NOM_LOCALIDAD": "RUTA 3 KILOMETRO 1711",
    "COD_PROVINCIA": "U",
    "FE_ALTA": "2000-06-12T00:00:00",
    "COD_ESTADO": "A",
    "FE_ULT_ACT": "2000-06-12T00:00:00",
    "COD_DDN": ""
  },
  {
    "COD_LOCALIDAD": 16622,
    "NOM_LOCALIDAD": "SACANANA",
    "COD_PROVINCIA": "U",
    "FE_ALTA": "2000-06-12T00:00:00",
    "COD_ESTADO": "A",
    "FE_ULT_ACT": "2000-06-12T00:00:00",
    "COD_DDN": ""
  },
  {
    "COD_LOCALIDAD": 16623,
    "NOM_LOCALIDAD": "SALINAS CHICAS",
    "COD_PROVINCIA": "U",
    "FE_ALTA": "2000-06-12T00:00:00",
    "COD_ESTADO": "A",
    "FE_ULT_ACT": "2000-06-12T00:00:00",
    "COD_DDN": ""
  },
  {
    "COD_LOCALIDAD": 16624,
    "NOM_LOCALIDAD": "SALINAS GRANDES",
    "COD_PROVINCIA": "U",
    "FE_ALTA": "2000-06-12T00:00:00",
    "COD_ESTADO": "A",
    "FE_ULT_ACT": "2000-06-12T00:00:00",
    "COD_DDN": ""
  },
  {
    "COD_LOCALIDAD": 16625,
    "NOM_LOCALIDAD": "SAN JOSE",
    "COD_PROVINCIA": "U",
    "FE_ALTA": "2000-06-12T00:00:00",
    "COD_ESTADO": "A",
    "FE_ULT_ACT": "2000-06-12T00:00:00",
    "COD_DDN": ""
  },
  {
    "COD_LOCALIDAD": 16626,
    "NOM_LOCALIDAD": "SARMIENTO",
    "COD_PROVINCIA": "U",
    "FE_ALTA": "2000-06-12T00:00:00",
    "COD_ESTADO": "A",
    "FE_ULT_ACT": "2015-01-07T13:36:14.006465",
    "COD_DDN": "0297"
  },
  {
    "COD_LOCALIDAD": 16627,
    "NOM_LOCALIDAD": "SEPRUCAL",
    "COD_PROVINCIA": "U",
    "FE_ALTA": "2000-06-12T00:00:00",
    "COD_ESTADO": "A",
    "FE_ULT_ACT": "2000-06-12T00:00:00",
    "COD_DDN": ""
  },
  {
    "COD_LOCALIDAD": 16628,
    "NOM_LOCALIDAD": "SIEMPRE VIVA",
    "COD_PROVINCIA": "U",
    "FE_ALTA": "2000-06-12T00:00:00",
    "COD_ESTADO": "A",
    "FE_ULT_ACT": "2000-06-12T00:00:00",
    "COD_DDN": ""
  },
  {
    "COD_LOCALIDAD": 16629,
    "NOM_LOCALIDAD": "SIERRA CHATA",
    "COD_PROVINCIA": "U",
    "FE_ALTA": "2000-06-12T00:00:00",
    "COD_ESTADO": "A",
    "FE_ULT_ACT": "2000-06-12T00:00:00",
    "COD_DDN": ""
  },
  {
    "COD_LOCALIDAD": 16630,
    "NOM_LOCALIDAD": "SIERRA CHICA",
    "COD_PROVINCIA": "U",
    "FE_ALTA": "2000-06-12T00:00:00",
    "COD_ESTADO": "A",
    "FE_ULT_ACT": "2000-06-12T00:00:00",
    "COD_DDN": ""
  },
  {
    "COD_LOCALIDAD": 16631,
    "NOM_LOCALIDAD": "SIERRA COLORADA",
    "COD_PROVINCIA": "U",
    "FE_ALTA": "2000-06-12T00:00:00",
    "COD_ESTADO": "A",
    "FE_ULT_ACT": "2000-06-12T00:00:00",
    "COD_DDN": ""
  },
  {
    "COD_LOCALIDAD": 16632,
    "NOM_LOCALIDAD": "SIERRA CORRIENTES",
    "COD_PROVINCIA": "U",
    "FE_ALTA": "2000-06-12T00:00:00",
    "COD_ESTADO": "A",
    "FE_ULT_ACT": "2000-06-12T00:00:00",
    "COD_DDN": ""
  },
  {
    "COD_LOCALIDAD": 16633,
    "NOM_LOCALIDAD": "SIERRA CUADRADA",
    "COD_PROVINCIA": "U",
    "FE_ALTA": "2000-06-12T00:00:00",
    "COD_ESTADO": "A",
    "FE_ULT_ACT": "2000-06-12T00:00:00",
    "COD_DDN": ""
  },
  {
    "COD_LOCALIDAD": 16634,
    "NOM_LOCALIDAD": "SIERRA DE TECKA",
    "COD_PROVINCIA": "U",
    "FE_ALTA": "2000-06-12T00:00:00",
    "COD_ESTADO": "A",
    "FE_ULT_ACT": "2000-06-12T00:00:00",
    "COD_DDN": ""
  },
  {
    "COD_LOCALIDAD": 16635,
    "NOM_LOCALIDAD": "SIERRA NEVADA BUEN PASTO",
    "COD_PROVINCIA": "U",
    "FE_ALTA": "2000-06-12T00:00:00",
    "COD_ESTADO": "A",
    "FE_ULT_ACT": "2000-06-12T00:00:00",
    "COD_DDN": ""
  },
  {
    "COD_LOCALIDAD": 16636,
    "NOM_LOCALIDAD": "SIERRA NEVADA PASO DE INDIOS",
    "COD_PROVINCIA": "U",
    "FE_ALTA": "2000-06-12T00:00:00",
    "COD_ESTADO": "A",
    "FE_ULT_ACT": "2000-06-12T00:00:00",
    "COD_DDN": ""
  },
  {
    "COD_LOCALIDAD": 16637,
    "NOM_LOCALIDAD": "SIERRA OVERA CHICAS Y GRANDES",
    "COD_PROVINCIA": "U",
    "FE_ALTA": "2000-06-12T00:00:00",
    "COD_ESTADO": "A",
    "FE_ULT_ACT": "2000-06-12T00:00:00",
    "COD_DDN": ""
  },
  {
    "COD_LOCALIDAD": 16638,
    "NOM_LOCALIDAD": "SIERRA ROSADA",
    "COD_PROVINCIA": "U",
    "FE_ALTA": "2000-06-12T00:00:00",
    "COD_ESTADO": "A",
    "FE_ULT_ACT": "2000-06-12T00:00:00",
    "COD_DDN": ""
  },
  {
    "COD_LOCALIDAD": 16639,
    "NOM_LOCALIDAD": "SIERRA VICTORIA",
    "COD_PROVINCIA": "U",
    "FE_ALTA": "2000-06-12T00:00:00",
    "COD_ESTADO": "A",
    "FE_ULT_ACT": "2000-06-12T00:00:00",
    "COD_DDN": ""
  },
  {
    "COD_LOCALIDAD": 16640,
    "NOM_LOCALIDAD": "SOL DE MAYO",
    "COD_PROVINCIA": "U",
    "FE_ALTA": "2000-06-12T00:00:00",
    "COD_ESTADO": "A",
    "FE_ULT_ACT": "2000-06-12T00:00:00",
    "COD_DDN": ""
  },
  {
    "COD_LOCALIDAD": 16641,
    "NOM_LOCALIDAD": "SUNICA",
    "COD_PROVINCIA": "U",
    "FE_ALTA": "2000-06-12T00:00:00",
    "COD_ESTADO": "A",
    "FE_ULT_ACT": "2000-06-12T00:00:00",
    "COD_DDN": ""
  },
  {
    "COD_LOCALIDAD": 16642,
    "NOM_LOCALIDAD": "TALAGAPA",
    "COD_PROVINCIA": "U",
    "FE_ALTA": "2000-06-12T00:00:00",
    "COD_ESTADO": "A",
    "FE_ULT_ACT": "2000-06-12T00:00:00",
    "COD_DDN": ""
  },
  {
    "COD_LOCALIDAD": 16643,
    "NOM_LOCALIDAD": "TAQUETREN",
    "COD_PROVINCIA": "U",
    "FE_ALTA": "2000-06-12T00:00:00",
    "COD_ESTADO": "A",
    "FE_ULT_ACT": "2000-06-12T00:00:00",
    "COD_DDN": ""
  },
  {
    "COD_LOCALIDAD": 16644,
    "NOM_LOCALIDAD": "TATUEN",
    "COD_PROVINCIA": "U",
    "FE_ALTA": "2000-06-12T00:00:00",
    "COD_ESTADO": "A",
    "FE_ULT_ACT": "2000-06-12T00:00:00",
    "COD_DDN": ""
  },
  {
    "COD_LOCALIDAD": 16645,
    "NOM_LOCALIDAD": "TECKA",
    "COD_PROVINCIA": "U",
    "FE_ALTA": "2000-06-12T00:00:00",
    "COD_ESTADO": "A",
    "FE_ULT_ACT": "2015-01-07T13:36:14.006607",
    "COD_DDN": "2945"
  },
  {
    "COD_LOCALIDAD": 16646,
    "NOM_LOCALIDAD": "TELSEN",
    "COD_PROVINCIA": "U",
    "FE_ALTA": "2000-06-12T00:00:00",
    "COD_ESTADO": "A",
    "FE_ULT_ACT": "2015-01-07T13:36:14.00672",
    "COD_DDN": "0280"
  },
  {
    "COD_LOCALIDAD": 16647,
    "NOM_LOCALIDAD": "TOMA DE LOS CANALES",
    "COD_PROVINCIA": "U",
    "FE_ALTA": "2000-06-12T00:00:00",
    "COD_ESTADO": "A",
    "FE_ULT_ACT": "2000-06-12T00:00:00",
    "COD_DDN": ""
  },
  {
    "COD_LOCALIDAD": 16648,
    "NOM_LOCALIDAD": "TORO HOSCO",
    "COD_PROVINCIA": "U",
    "FE_ALTA": "2000-06-12T00:00:00",
    "COD_ESTADO": "A",
    "FE_ULT_ACT": "2000-06-12T00:00:00",
    "COD_DDN": ""
  },
  {
    "COD_LOCALIDAD": 16649,
    "NOM_LOCALIDAD": "TRELEW",
    "COD_PROVINCIA": "U",
    "FE_ALTA": "2000-06-12T00:00:00",
    "COD_ESTADO": "A",
    "FE_ULT_ACT": "2015-01-07T13:36:14.00685",
    "COD_DDN": "0280"
  },
  {
    "COD_LOCALIDAD": 16650,
    "NOM_LOCALIDAD": "TREORKI",
    "COD_PROVINCIA": "U",
    "FE_ALTA": "2000-06-12T00:00:00",
    "COD_ESTADO": "A",
    "FE_ULT_ACT": "2000-06-12T00:00:00",
    "COD_DDN": ""
  },
  {
    "COD_LOCALIDAD": 16651,
    "NOM_LOCALIDAD": "TRES PICOS",
    "COD_PROVINCIA": "U",
    "FE_ALTA": "2000-06-12T00:00:00",
    "COD_ESTADO": "A",
    "FE_ULT_ACT": "2000-06-12T00:00:00",
    "COD_DDN": ""
  },
  {
    "COD_LOCALIDAD": 16652,
    "NOM_LOCALIDAD": "TREVELIN",
    "COD_PROVINCIA": "U",
    "FE_ALTA": "2000-06-12T00:00:00",
    "COD_ESTADO": "A",
    "FE_ULT_ACT": "2015-01-07T13:36:14.006982",
    "COD_DDN": "2945"
  },
  {
    "COD_LOCALIDAD": 16653,
    "NOM_LOCALIDAD": "UZCUDUN",
    "COD_PROVINCIA": "U",
    "FE_ALTA": "2000-06-12T00:00:00",
    "COD_ESTADO": "A",
    "FE_ULT_ACT": "2000-06-12T00:00:00",
    "COD_DDN": ""
  },
  {
    "COD_LOCALIDAD": 16654,
    "NOM_LOCALIDAD": "VALLE DEL RIO CHUBUT",
    "COD_PROVINCIA": "U",
    "FE_ALTA": "2000-06-12T00:00:00",
    "COD_ESTADO": "A",
    "FE_ULT_ACT": "2000-06-12T00:00:00",
    "COD_DDN": ""
  },
  {
    "COD_LOCALIDAD": 16655,
    "NOM_LOCALIDAD": "VALLE DEL TECKA",
    "COD_PROVINCIA": "U",
    "FE_ALTA": "2000-06-12T00:00:00",
    "COD_ESTADO": "A",
    "FE_ULT_ACT": "2000-06-12T00:00:00",
    "COD_DDN": ""
  },
  {
    "COD_LOCALIDAD": 16656,
    "NOM_LOCALIDAD": "VALLE FRIO",
    "COD_PROVINCIA": "U",
    "FE_ALTA": "2000-06-12T00:00:00",
    "COD_ESTADO": "A",
    "FE_ULT_ACT": "2000-06-12T00:00:00",
    "COD_DDN": ""
  },
  {
    "COD_LOCALIDAD": 16657,
    "NOM_LOCALIDAD": "VALLE GARIN",
    "COD_PROVINCIA": "U",
    "FE_ALTA": "2000-06-12T00:00:00",
    "COD_ESTADO": "A",
    "FE_ULT_ACT": "2000-06-12T00:00:00",
    "COD_DDN": ""
  },
  {
    "COD_LOCALIDAD": 16658,
    "NOM_LOCALIDAD": "VALLE HERMOSO",
    "COD_PROVINCIA": "U",
    "FE_ALTA": "2000-06-12T00:00:00",
    "COD_ESTADO": "A",
    "FE_ULT_ACT": "2000-06-12T00:00:00",
    "COD_DDN": ""
  },
  {
    "COD_LOCALIDAD": 16659,
    "NOM_LOCALIDAD": "VALLE HONDO",
    "COD_PROVINCIA": "U",
    "FE_ALTA": "2000-06-12T00:00:00",
    "COD_ESTADO": "A",
    "FE_ULT_ACT": "2000-06-12T00:00:00",
    "COD_DDN": ""
  },
  {
    "COD_LOCALIDAD": 16660,
    "NOM_LOCALIDAD": "VALLE HUEMULES",
    "COD_PROVINCIA": "U",
    "FE_ALTA": "2000-06-12T00:00:00",
    "COD_ESTADO": "A",
    "FE_ULT_ACT": "2000-06-12T00:00:00",
    "COD_DDN": ""
  },
  {
    "COD_LOCALIDAD": 16661,
    "NOM_LOCALIDAD": "VALLE LOS MARTIRES",
    "COD_PROVINCIA": "U",
    "FE_ALTA": "2000-06-12T00:00:00",
    "COD_ESTADO": "A",
    "FE_ULT_ACT": "2000-06-12T00:00:00",
    "COD_DDN": ""
  },
  {
    "COD_LOCALIDAD": 16662,
    "NOM_LOCALIDAD": "VILLA FUTALAUFQUEN",
    "COD_PROVINCIA": "U",
    "FE_ALTA": "2000-06-12T00:00:00",
    "COD_ESTADO": "A",
    "FE_ULT_ACT": "2015-01-07T13:36:14.007095",
    "COD_DDN": "2945"
  },
  {
    "COD_LOCALIDAD": 16663,
    "NOM_LOCALIDAD": "VILLA INES",
    "COD_PROVINCIA": "U",
    "FE_ALTA": "2000-06-12T00:00:00",
    "COD_ESTADO": "A",
    "FE_ULT_ACT": "2000-06-12T00:00:00",
    "COD_DDN": ""
  },
  {
    "COD_LOCALIDAD": 16664,
    "NOM_LOCALIDAD": "ÑORQUINCO SUD",
    "COD_PROVINCIA": "U",
    "FE_ALTA": "2000-06-12T00:00:00",
    "COD_ESTADO": "A",
    "FE_ULT_ACT": "2000-06-12T00:00:00",
    "COD_DDN": ""
  },
  {
    "COD_LOCALIDAD": 16665,
    "NOM_LOCALIDAD": "28 DE JULIO",
    "COD_PROVINCIA": "U",
    "FE_ALTA": "2000-06-12T00:00:00",
    "COD_ESTADO": "A",
    "FE_ULT_ACT": "2015-01-07T13:36:14.007201",
    "COD_DDN": "0280"
  }
]